﻿<?xml version="1.0" encoding="utf-8" ?>
<c2eventsheet>
    <!--All the 'name' attributes are ignored by Construct 2 - they are there for readability only.-->
    <name>Title Screen Events</name>
    <events>
        <event-block sid="1972617975543526">
            <conditions>
                <condition id="-2" name="On start of layout" sid="5415863112408719" type="System" />
            </conditions>
            <actions>
                <action id="-16" name="Set opacity" sid="707575695558613" type="TitleScreen">
                    <param id="0" name="Opacity">0</param>
                </action>
                <action id="-16" name="Set opacity" sid="5142421767162692" type="TitleText">
                    <param id="0" name="Opacity">0</param>
                </action>
            </actions>
        </event-block>
        <event-block sid="7806154895266448">
            <conditions>
                <condition id="1" name="On any key pressed" sid="513422529944245" type="Keyboard" />
            </conditions>
            <actions>
                <action id="-2" name="Go to layout" sid="4496786267572663" type="System">
                    <param id="0" name="Layout">Main Level</param>
                </action>
            </actions>
        </event-block>
        <event-block sid="342086720961356">
            <conditions>
                <condition id="-6" name="Every X seconds" sid="2982639238381822" type="System">
                    <param id="0" name="Interval (seconds)">0.1</param>
                </condition>
            </conditions>
            <actions>
                <action id="-16" name="Set opacity" sid="2305113017572887" type="TitleScreen">
                    <param id="0" name="Opacity">TitleScreen.Opacity+2</param>
                </action>
            </actions>
        </event-block>
        <event-block sid="4818444578271768">
            <conditions>
                <condition id="-7" name="Compare time" sid="6274841904516114" type="System">
                    <param id="0" name="Comparison">5</param>
                    <param id="1" name="Time (seconds)">3</param>
                </condition>
            </conditions>
            <actions />
            <sub-events>
                <event-block sid="5428226551950722">
                    <conditions>
                        <condition id="-6" name="Every X seconds" sid="3762759136748648" type="System">
                            <param id="0" name="Interval (seconds)">0.1</param>
                        </condition>
                    </conditions>
                    <actions>
                        <action id="-16" name="Set opacity" sid="1711359614120989" type="TitleText">
                            <param id="0" name="Opacity">TitleText.Opacity+2</param>
                        </action>
                    </actions>
                </event-block>
            </sub-events>
        </event-block>
    </events>
</c2eventsheet>
