﻿<?xml version="1.0" encoding="utf-8" ?>
<c2eventsheet>
    <!--All the 'name' attributes are ignored by Construct 2 - they are there for readability only.-->
    <name>Main Level Events</name>
    <events>
        <event-block sid="4188954591139426">
            <conditions>
                <condition id="-2" name="On start of layout" sid="6892042274342936" type="System" />
            </conditions>
            <actions>
                <action id="2" name="Stop" sid="6200486789898311" type="Player" />
                <action id="2" name="Stop" sid="5468722619483822" type="Dialog" />
                <action id="-10" name="Set value" sid="5653440641319325" type="Dialog">
                    <param id="0" name="Instance variable">DialogFrame</param>
                    <param id="1" name="Value">12</param>
                </action>
                <action id="-16" name="Set opacity" sid="1591551099897396" type="TitleBlack">
                    <param id="0" name="Opacity">0</param>
                </action>
            </actions>
        </event-block>
        <event-block sid="4761948128760643">
            <conditions>
                <condition id="0" name="On key pressed" sid="3798823809506847" type="Keyboard">
                    <param id="0" name="Key">27 (Esc)</param>
                </condition>
            </conditions>
            <actions>
                <action id="-2" name="Go to layout" sid="7313877559472178" type="System">
                    <param id="0" name="Layout">Title Screen</param>
                </action>
            </actions>
        </event-block>
        <event-block sid="9634818671486684">
            <conditions>
                <condition id="2" name="Key is down" sid="7951855787736126" type="Keyboard">
                    <param id="0" name="Key">39 (Right arrow)</param>
                </condition>
            </conditions>
            <actions>
                <action id="5" name="Set frame" sid="6619618149554112" type="Player">
                    <param id="0" name="Frame number">0</param>
                </action>
            </actions>
        </event-block>
        <event-block sid="2001477538408053">
            <conditions>
                <condition id="2" name="Key is down" sid="5055158339087829" type="Keyboard">
                    <param id="0" name="Key">37 (Left arrow)</param>
                </condition>
            </conditions>
            <actions>
                <action id="5" name="Set frame" sid="5642981114811991" type="Player">
                    <param id="0" name="Frame number">1</param>
                </action>
            </actions>
        </event-block>
        <event-block sid="6180651520616589">
            <conditions>
                <condition id="1" name="Is overlapping another object" sid="4220696481962673" type="Player">
                    <param id="0" name="Object">Cave1Enter</param>
                </condition>
            </conditions>
            <actions />
            <sub-events>
                <event-block sid="6440590237303841">
                    <conditions>
                        <condition id="0" name="On key pressed" sid="2681465171221506" type="Keyboard">
                            <param id="0" name="Key">83 (S)</param>
                        </condition>
                    </conditions>
                    <actions>
                        <action id="-2" name="Go to layout" sid="2195642973195762" type="System">
                            <param id="0" name="Layout">Cave 1</param>
                        </action>
                    </actions>
                </event-block>
            </sub-events>
        </event-block>
        <event-block sid="7923601407946494">
            <conditions>
                <condition id="1" name="Is overlapping another object" sid="9699114525428036" type="Player">
                    <param id="0" name="Object">Cave2Enter</param>
                </condition>
            </conditions>
            <actions />
            <sub-events>
                <event-block sid="6567997437013845">
                    <conditions>
                        <condition id="0" name="On key pressed" sid="2017104837179207" type="Keyboard">
                            <param id="0" name="Key">83 (S)</param>
                        </condition>
                    </conditions>
                    <actions>
                        <action id="-2" name="Go to layout" sid="6832858261201665" type="System">
                            <param id="0" name="Layout">Cave 2</param>
                        </action>
                    </actions>
                </event-block>
            </sub-events>
        </event-block>
        <event-block sid="1904113987091272">
            <conditions>
                <condition id="1" name="Is overlapping another object" sid="505521705717406" type="Player">
                    <param id="0" name="Object">Cave3Enter</param>
                </condition>
            </conditions>
            <actions />
            <sub-events>
                <event-block sid="6658371228029317">
                    <conditions>
                        <condition id="0" name="On key pressed" sid="6032168279590301" type="Keyboard">
                            <param id="0" name="Key">83 (S)</param>
                        </condition>
                    </conditions>
                    <actions>
                        <action id="-2" name="Go to layout" sid="4415523853245643" type="System">
                            <param id="0" name="Layout">Cave 3</param>
                        </action>
                    </actions>
                </event-block>
            </sub-events>
        </event-block>
        <event-block sid="4939743640351272">
            <conditions>
                <condition id="1" name="Is overlapping another object" sid="406646615674213" type="Player">
                    <param id="0" name="Object">Cave4Enter</param>
                </condition>
            </conditions>
            <actions />
            <sub-events>
                <event-block sid="8262278098314492">
                    <conditions>
                        <condition id="0" name="On key pressed" sid="3002936660642827" type="Keyboard">
                            <param id="0" name="Key">83 (S)</param>
                        </condition>
                    </conditions>
                    <actions>
                        <action id="-2" name="Go to layout" sid="7284689341654714" type="System">
                            <param id="0" name="Layout">Cave 4</param>
                        </action>
                    </actions>
                </event-block>
            </sub-events>
        </event-block>
        <event-block sid="6346058120626709">
            <conditions>
                <condition id="0" name="On key pressed" sid="4461290197234788" type="Keyboard">
                    <param id="0" name="Key">32 (Space)</param>
                </condition>
            </conditions>
            <actions>
                <action id="-11" name="Add to" sid="8641754233592215" type="Dialog">
                    <param id="0" name="Instance variable">DialogFrame</param>
                    <param id="1" name="Value">1</param>
                </action>
            </actions>
        </event-block>
        <event-block sid="9139449835892723">
            <conditions>
                <condition id="-7" name="Compare instance variable" sid="7385297628867199" type="Dialog">
                    <param id="0" name="Instance variable">DialogFrame</param>
                    <param id="1" name="Comparison">0</param>
                    <param id="2" name="Value">0</param>
                </condition>
            </conditions>
            <actions>
                <action id="5" name="Set frame" sid="7489298205733273" type="Dialog">
                    <param id="0" name="Frame number">0</param>
                </action>
            </actions>
        </event-block>
        <event-block sid="3932250601117631">
            <conditions>
                <condition id="-7" name="Compare instance variable" sid="4866873303020666" type="Dialog">
                    <param id="0" name="Instance variable">DialogFrame</param>
                    <param id="1" name="Comparison">0</param>
                    <param id="2" name="Value">1</param>
                </condition>
            </conditions>
            <actions>
                <action id="5" name="Set frame" sid="7346548451036179" type="Dialog">
                    <param id="0" name="Frame number">1</param>
                </action>
            </actions>
        </event-block>
        <event-block sid="8055443856232458">
            <conditions>
                <condition id="-7" name="Compare instance variable" sid="9316029152275307" type="Dialog">
                    <param id="0" name="Instance variable">DialogFrame</param>
                    <param id="1" name="Comparison">0</param>
                    <param id="2" name="Value">2</param>
                </condition>
            </conditions>
            <actions>
                <action id="5" name="Set frame" sid="2238926930482618" type="Dialog">
                    <param id="0" name="Frame number">2</param>
                </action>
            </actions>
        </event-block>
        <event-block sid="833226536404657">
            <conditions>
                <condition id="-7" name="Compare instance variable" sid="5970856598405601" type="Dialog">
                    <param id="0" name="Instance variable">DialogFrame</param>
                    <param id="1" name="Comparison">0</param>
                    <param id="2" name="Value">3</param>
                </condition>
            </conditions>
            <actions>
                <action id="5" name="Set frame" sid="5953456433438804" type="Dialog">
                    <param id="0" name="Frame number">3</param>
                </action>
            </actions>
        </event-block>
        <event-block sid="7491511659036911">
            <conditions>
                <condition id="-7" name="Compare instance variable" sid="8072799268343455" type="Dialog">
                    <param id="0" name="Instance variable">DialogFrame</param>
                    <param id="1" name="Comparison">0</param>
                    <param id="2" name="Value">4</param>
                </condition>
            </conditions>
            <actions>
                <action id="5" name="Set frame" sid="2799325095807738" type="Dialog">
                    <param id="0" name="Frame number">4</param>
                </action>
            </actions>
        </event-block>
        <event-block sid="4290242460741057">
            <conditions>
                <condition id="-7" name="Compare instance variable" sid="7760373170959966" type="Dialog">
                    <param id="0" name="Instance variable">DialogFrame</param>
                    <param id="1" name="Comparison">0</param>
                    <param id="2" name="Value">5</param>
                </condition>
            </conditions>
            <actions>
                <action id="5" name="Set frame" sid="3651289662400221" type="Dialog">
                    <param id="0" name="Frame number">5</param>
                </action>
            </actions>
        </event-block>
        <event-block sid="7541094253681703">
            <conditions>
                <condition id="-7" name="Compare instance variable" sid="9008988671893128" type="Dialog">
                    <param id="0" name="Instance variable">DialogFrame</param>
                    <param id="1" name="Comparison">0</param>
                    <param id="2" name="Value">6</param>
                </condition>
            </conditions>
            <actions>
                <action id="5" name="Set frame" sid="4626144841190488" type="Dialog">
                    <param id="0" name="Frame number">6</param>
                </action>
            </actions>
        </event-block>
        <event-block sid="7921866596522045">
            <conditions>
                <condition id="-7" name="Compare instance variable" sid="5162587541618919" type="Dialog">
                    <param id="0" name="Instance variable">DialogFrame</param>
                    <param id="1" name="Comparison">0</param>
                    <param id="2" name="Value">7</param>
                </condition>
            </conditions>
            <actions>
                <action id="5" name="Set frame" sid="3999753593621214" type="Dialog">
                    <param id="0" name="Frame number">7</param>
                </action>
            </actions>
        </event-block>
        <event-block sid="7318447259572241">
            <conditions>
                <condition id="-7" name="Compare instance variable" sid="1401796510934266" type="Dialog">
                    <param id="0" name="Instance variable">DialogFrame</param>
                    <param id="1" name="Comparison">0</param>
                    <param id="2" name="Value">8</param>
                </condition>
            </conditions>
            <actions>
                <action id="5" name="Set frame" sid="6043044613578231" type="Dialog">
                    <param id="0" name="Frame number">8</param>
                </action>
            </actions>
        </event-block>
        <event-block sid="1326016476558849">
            <conditions>
                <condition id="-7" name="Compare instance variable" sid="7735907183948564" type="Dialog">
                    <param id="0" name="Instance variable">DialogFrame</param>
                    <param id="1" name="Comparison">0</param>
                    <param id="2" name="Value">9</param>
                </condition>
            </conditions>
            <actions>
                <action id="5" name="Set frame" sid="7889825353853019" type="Dialog">
                    <param id="0" name="Frame number">9</param>
                </action>
            </actions>
        </event-block>
        <event-block sid="3271077578383458">
            <conditions>
                <condition id="-7" name="Compare instance variable" sid="1660544728746719" type="Dialog">
                    <param id="0" name="Instance variable">DialogFrame</param>
                    <param id="1" name="Comparison">0</param>
                    <param id="2" name="Value">10</param>
                </condition>
            </conditions>
            <actions>
                <action id="5" name="Set frame" sid="1675346691314855" type="Dialog">
                    <param id="0" name="Frame number">10</param>
                </action>
            </actions>
        </event-block>
        <event-block sid="6213766303572215">
            <conditions>
                <condition id="-7" name="Compare instance variable" sid="1854070137432827" type="Dialog">
                    <param id="0" name="Instance variable">DialogFrame</param>
                    <param id="1" name="Comparison">0</param>
                    <param id="2" name="Value">11</param>
                </condition>
            </conditions>
            <actions>
                <action id="5" name="Set frame" sid="3513659273464179" type="Dialog">
                    <param id="0" name="Frame number">11</param>
                </action>
            </actions>
        </event-block>
        <event-block sid="3524830169295134">
            <conditions>
                <condition id="-7" name="Compare instance variable" sid="2652839086199705" type="Dialog">
                    <param id="0" name="Instance variable">DialogFrame</param>
                    <param id="1" name="Comparison">0</param>
                    <param id="2" name="Value">12</param>
                </condition>
            </conditions>
            <actions>
                <action id="5" name="Set frame" sid="8943317049843949" type="Dialog">
                    <param id="0" name="Frame number">12</param>
                </action>
            </actions>
        </event-block>
        <event-block sid="8395380391100836">
            <conditions>
                <condition id="-7" name="Compare time" sid="1029775066433532" type="System">
                    <param id="0" name="Comparison">0</param>
                    <param id="1" name="Time (seconds)">1.0</param>
                </condition>
            </conditions>
            <actions>
                <action id="-10" name="Set value" sid="9584472956534247" type="Dialog">
                    <param id="0" name="Instance variable">DialogFrame</param>
                    <param id="1" name="Value">3</param>
                </action>
            </actions>
        </event-block>
        <event-block sid="6976445338540451">
            <conditions>
                <condition id="-7" name="Compare time" sid="117862563216361" type="System">
                    <param id="0" name="Comparison">0</param>
                    <param id="1" name="Time (seconds)">1.1</param>
                </condition>
            </conditions>
            <actions>
                <action id="-10" name="Set value" sid="8353642370186862" type="Dialog">
                    <param id="0" name="Instance variable">DialogFrame</param>
                    <param id="1" name="Value">4</param>
                </action>
            </actions>
        </event-block>
        <event-block sid="4893220201415921">
            <conditions>
                <condition id="-7" name="Compare time" sid="4272025356583687" type="System">
                    <param id="0" name="Comparison">0</param>
                    <param id="1" name="Time (seconds)">1.2</param>
                </condition>
            </conditions>
            <actions>
                <action id="-10" name="Set value" sid="8737301280431477" type="Dialog">
                    <param id="0" name="Instance variable">DialogFrame</param>
                    <param id="1" name="Value">5</param>
                </action>
            </actions>
        </event-block>
        <event-block sid="2885978904697672">
            <conditions>
                <condition id="-7" name="Compare time" sid="7398621753587831" type="System">
                    <param id="0" name="Comparison">0</param>
                    <param id="1" name="Time (seconds)">1.3</param>
                </condition>
            </conditions>
            <actions>
                <action id="-10" name="Set value" sid="6486052231560577" type="Dialog">
                    <param id="0" name="Instance variable">DialogFrame</param>
                    <param id="1" name="Value">6</param>
                </action>
            </actions>
        </event-block>
        <event-block sid="360137386287441">
            <conditions>
                <condition id="-7" name="Compare time" sid="2827202380773954" type="System">
                    <param id="0" name="Comparison">0</param>
                    <param id="1" name="Time (seconds)">1.4</param>
                </condition>
            </conditions>
            <actions>
                <action id="-10" name="Set value" sid="2894020483349171" type="Dialog">
                    <param id="0" name="Instance variable">DialogFrame</param>
                    <param id="1" name="Value">12</param>
                </action>
            </actions>
        </event-block>
        <event-block sid="6000853211198175">
            <conditions>
                <condition id="-7" name="Compare time" sid="2449593120653065" type="System">
                    <param id="0" name="Comparison">0</param>
                    <param id="1" name="Time (seconds)">2.4</param>
                </condition>
            </conditions>
            <actions>
                <action id="-10" name="Set value" sid="7315967595043753" type="Dialog">
                    <param id="0" name="Instance variable">DialogFrame</param>
                    <param id="1" name="Value">0</param>
                </action>
            </actions>
        </event-block>
        <event-block sid="1330938471844562">
            <conditions>
                <condition id="-14" name="Compare variable" sid="7919226123327478" type="System">
                    <param id="0" name="Variable">Cave1Complete</param>
                    <param id="1" name="Comparison">0</param>
                    <param id="2" name="Value">1</param>
                </condition>
                <condition id="-14" name="Compare variable" sid="1429772771747582" type="System">
                    <param id="0" name="Variable">Cave2Complete</param>
                    <param id="1" name="Comparison">0</param>
                    <param id="2" name="Value">1</param>
                </condition>
                <condition id="-14" name="Compare variable" sid="39093634728807" type="System">
                    <param id="0" name="Variable">Cave3Complete</param>
                    <param id="1" name="Comparison">0</param>
                    <param id="2" name="Value">1</param>
                </condition>
                <condition id="-14" name="Compare variable" sid="1754317948420066" type="System">
                    <param id="0" name="Variable">Cave4Complete</param>
                    <param id="1" name="Comparison">0</param>
                    <param id="2" name="Value">1</param>
                </condition>
            </conditions>
            <actions>
                <action id="-3" name="Create object" sid="8101249582360081" type="System">
                    <param id="0" name="Object to create">WinText</param>
                    <param id="1" name="Layer">0</param>
                    <param id="2" name="X">424</param>
                    <param id="3" name="Y">546</param>
                </action>
                <action id="2" name="Stop" sid="2385776297484593" type="WinText" />
                <action id="-9" name="Set value" sid="3193897650485615" type="System">
                    <param id="0" name="Variable">Cave1Complete</param>
                    <param id="1" name="Value">0</param>
                </action>
                <action id="-9" name="Set value" sid="4390488402981142" type="System">
                    <param id="0" name="Variable">Cave2Complete</param>
                    <param id="1" name="Value">0</param>
                </action>
                <action id="-9" name="Set value" sid="1101178088723256" type="System">
                    <param id="0" name="Variable">Cave3Complete</param>
                    <param id="1" name="Value">0</param>
                </action>
                <action id="-9" name="Set value" sid="5659827756045803" type="System">
                    <param id="0" name="Variable">Cave4Complete</param>
                    <param id="1" name="Value">0</param>
                </action>
            </actions>
        </event-block>
        <event-block sid="8341755785400104">
            <conditions>
                <condition id="0" name="On key pressed" sid="230483118500296" type="Keyboard">
                    <param id="0" name="Key">32 (Space)</param>
                </condition>
            </conditions>
            <actions>
                <action id="-9" name="Destroy" sid="1825674615159798" type="WinText" />
            </actions>
        </event-block>
        <event-block sid="9627831053556762">
            <conditions>
                <condition id="-19" name="On destroyed" sid="902994044397587" type="WinText" />
            </conditions>
            <actions>
                <action id="-13" name="Set boolean" sid="4555702711093467" type="TitleBlack">
                    <param id="0" name="Instance variable">Fade</param>
                    <param id="1" name="Value">1</param>
                </action>
            </actions>
        </event-block>
        <event-block sid="6527251596264583">
            <conditions>
                <condition id="0" name="On key pressed" sid="7648354114256939" type="Keyboard">
                    <param id="0" name="Key">192 (`)</param>
                </condition>
            </conditions>
            <actions>
                <action id="-9" name="Set value" sid="4770942707615705" type="System">
                    <param id="0" name="Variable">Cave1Complete</param>
                    <param id="1" name="Value">1</param>
                </action>
                <action id="-9" name="Set value" sid="5261152568898471" type="System">
                    <param id="0" name="Variable">Cave2Complete</param>
                    <param id="1" name="Value">1</param>
                </action>
                <action id="-9" name="Set value" sid="867974630947253" type="System">
                    <param id="0" name="Variable">Cave3Complete</param>
                    <param id="1" name="Value">1</param>
                </action>
                <action id="-9" name="Set value" sid="7359858815739208" type="System">
                    <param id="0" name="Variable">Cave4Complete</param>
                    <param id="1" name="Value">1</param>
                </action>
            </actions>
        </event-block>
        <event-block sid="499044135817106">
            <conditions>
                <condition id="-8" name="Is boolean instance variable set" sid="1056206683419935" type="TitleBlack">
                    <param id="0" name="Instance variable">Fade</param>
                </condition>
            </conditions>
            <actions>
                <action id="-16" name="Set opacity" sid="6206608571311884" type="TitleBlack">
                    <param id="0" name="Opacity">TitleBlack.Opacity+2</param>
                </action>
            </actions>
        </event-block>
        <event-block sid="644056411044636">
            <conditions>
                <condition id="-10" name="Compare opacity" sid="399447366967011" type="TitleBlack">
                    <param id="0" name="Comparison">0</param>
                    <param id="1" name="Opacity">100</param>
                </condition>
            </conditions>
            <actions>
                <action id="-2" name="Go to layout" sid="5229046162597268" type="System">
                    <param id="0" name="Layout">Win Screen</param>
                </action>
            </actions>
        </event-block>
    </events>
</c2eventsheet>
