﻿<?xml version="1.0" encoding="utf-8" ?>
<c2eventsheet>
    <!--All the 'name' attributes are ignored by Construct 2 - they are there for readability only.-->
    <name>Cave 1 Events</name>
    <events>
        <variable constant="0" name="Cave1Goal" sid="2929053287488485" static="0" type="number">0</variable>
        <variable constant="0" name="Cave1Complete" sid="3517248344998425" static="0" type="number">0</variable>
        <event-block sid="8791571588382144">
            <conditions>
                <condition id="-2" name="On start of layout" sid="2088676114251261" type="System" />
            </conditions>
            <actions>
                <action id="2" name="Stop" sid="7629692221318504" type="CavePlayer" />
                <action id="2" name="Stop" sid="6133739289922827" type="LaserGoal" />
                <action id="2" name="Stop" sid="9242249532471168" type="CaveDialog" />
            </actions>
        </event-block>
        <event-block sid="9621608180828713">
            <conditions>
                <condition id="0" name="On key pressed" sid="1274376180414069" type="Keyboard">
                    <param id="0" name="Key">27 (Esc)</param>
                </condition>
            </conditions>
            <actions>
                <action id="-2" name="Go to layout" sid="539735593994439" type="System">
                    <param id="0" name="Layout">Title Screen</param>
                </action>
            </actions>
        </event-block>
        <event-block sid="6051227847299585">
            <conditions>
                <condition id="2" name="Key is down" sid="714607063135373" type="Keyboard">
                    <param id="0" name="Key">39 (Right arrow)</param>
                </condition>
            </conditions>
            <actions>
                <action id="5" name="Set frame" sid="1542708426395801" type="CavePlayer">
                    <param id="0" name="Frame number">0</param>
                </action>
            </actions>
        </event-block>
        <event-block sid="5805801709108302">
            <conditions>
                <condition id="2" name="Key is down" sid="5248726767969743" type="Keyboard">
                    <param id="0" name="Key">37 (Left arrow)</param>
                </condition>
            </conditions>
            <actions>
                <action id="5" name="Set frame" sid="3530197444756397" type="CavePlayer">
                    <param id="0" name="Frame number">1</param>
                </action>
            </actions>
        </event-block>
        <event-block sid="8662281717813156">
            <conditions>
                <condition id="-14" name="Compare variable" sid="65420391434218" type="System">
                    <param id="0" name="Variable">Cave1Goal</param>
                    <param id="1" name="Comparison">0</param>
                    <param id="2" name="Value">100</param>
                </condition>
            </conditions>
            <actions>
                <action id="-9" name="Set value" sid="3523395241124081" type="System">
                    <param id="0" name="Variable">Cave1Complete</param>
                    <param id="1" name="Value">1</param>
                </action>
            </actions>
        </event-block>
        <event-block sid="3948836156538884">
            <conditions>
                <condition id="0" name="On collision with another object" sid="7332374406650479" type="Laser">
                    <param id="0" name="Object">LaserGoal</param>
                </condition>
            </conditions>
            <actions>
                <action id="-9" name="Destroy" sid="6834119253417591" type="Laser" />
                <action id="5" name="Set frame" sid="2402604365518101" type="LaserGoal">
                    <param id="0" name="Frame number">1</param>
                </action>
                <action id="-9" name="Set value" sid="5787384512150682" type="System">
                    <param id="0" name="Variable">Cave1Goal</param>
                    <param id="1" name="Value">Cave1Goal+1</param>
                </action>
            </actions>
        </event-block>
        <event-block sid="335730761540657">
            <conditions>
                <condition id="-8" name="Is boolean instance variable set" sid="4532632676044604" type="LaserStart">
                    <param id="0" name="Instance variable">LaserActive</param>
                </condition>
            </conditions>
            <actions>
                <action id="-3" name="Create object" sid="8338523084964522" type="System">
                    <param id="0" name="Object to create">Laser</param>
                    <param id="1" name="Layer">0</param>
                    <param id="2" name="X">93</param>
                    <param id="3" name="Y">803</param>
                </action>
                <action id="-29" name="Move to object" sid="4281904411376538" type="Laser">
                    <param id="0" name="Where">1</param>
                    <param id="1" name="Object">Ground</param>
                </action>
                <action behavior="Bullet" id="0" name="Set speed" sid="516244511591611" type="Laser">
                    <param id="0" name="Speed">600</param>
                </action>
                <action id="5" name="Set frame" sid="2557403177679511" type="LaserStart">
                    <param id="0" name="Frame number">1</param>
                </action>
            </actions>
        </event-block>
        <event-block sid="9836932079457896">
            <conditions>
                <condition id="-8" inverted="1" name="Is boolean instance variable set" sid="6655626863456362" type="LaserStart">
                    <param id="0" name="Instance variable">LaserActive</param>
                </condition>
            </conditions>
            <actions>
                <action id="5" name="Set frame" sid="1325984697428155" type="LaserStart">
                    <param id="0" name="Frame number">0</param>
                </action>
            </actions>
        </event-block>
        <event-block sid="9708346627418525">
            <conditions>
                <condition id="0" name="On collision with another object" sid="4684429480328802" type="Laser">
                    <param id="0" name="Object">Ground</param>
                </condition>
            </conditions>
            <actions>
                <action id="-9" name="Destroy" sid="287683638258449" type="Laser" />
            </actions>
        </event-block>
        <event-block sid="7274544687060397">
            <conditions>
                <condition id="0" name="On collision with another object" sid="6517071655147474" type="Laser">
                    <param id="0" name="Object">CatwalkBackground</param>
                </condition>
            </conditions>
            <actions>
                <action id="-9" name="Destroy" sid="9011455351192765" type="Laser" />
            </actions>
        </event-block>
        <event-block sid="328015783547646">
            <conditions>
                <condition id="1" name="Is overlapping another object" sid="9370106745123632" type="Laser">
                    <param id="0" name="Object">Lens2</param>
                </condition>
            </conditions>
            <actions>
                <action id="-8" name="Set angle" sid="3063292314501992" type="Laser">
                    <param id="0" name="Angle">Lens2.Angle</param>
                </action>
            </actions>
        </event-block>
        <event-block sid="9043282609640347">
            <conditions>
                <condition id="1" name="Is overlapping another object" sid="4168508493354709" type="CavePlayer">
                    <param id="0" name="Object">Switch</param>
                </condition>
            </conditions>
            <actions />
            <sub-events>
                <event-block sid="9242345170731416">
                    <conditions>
                        <condition id="0" name="On key pressed" sid="2825816655454747" type="Keyboard">
                            <param id="0" name="Key">65 (A)</param>
                        </condition>
                    </conditions>
                    <actions>
                        <action id="-19" name="Rotate counter-clockwise" sid="639479744941399" type="Lens2">
                            <param id="0" name="Degrees">15</param>
                        </action>
                    </actions>
                </event-block>
                <event-block sid="3086307713237473">
                    <conditions>
                        <condition id="0" name="On key pressed" sid="5294483349190562" type="Keyboard">
                            <param id="0" name="Key">68 (D)</param>
                        </condition>
                    </conditions>
                    <actions>
                        <action id="-18" name="Rotate clockwise" sid="2218095867889037" type="Lens2">
                            <param id="0" name="Degrees">15</param>
                        </action>
                    </actions>
                </event-block>
            </sub-events>
        </event-block>
        <event-block sid="3659035922073546">
            <conditions>
                <condition id="1" name="Is overlapping another object" sid="8567463560285012" type="CavePlayer">
                    <param id="0" name="Object">LaserStart</param>
                </condition>
            </conditions>
            <actions />
            <sub-events>
                <event-block sid="593056217789202">
                    <conditions>
                        <condition id="0" name="On key pressed" sid="8921908747570842" type="Keyboard">
                            <param id="0" name="Key">83 (S)</param>
                        </condition>
                    </conditions>
                    <actions>
                        <action id="-14" name="Toggle boolean" sid="1285833731133569" type="LaserStart">
                            <param id="0" name="Instance variable">LaserActive</param>
                        </action>
                    </actions>
                </event-block>
            </sub-events>
        </event-block>
        <event-block sid="3201783979407963">
            <conditions>
                <condition id="1" name="Is overlapping another object" sid="4796610125699583" type="CavePlayer">
                    <param id="0" name="Object">Cave1Exit</param>
                </condition>
            </conditions>
            <actions />
            <sub-events>
                <event-block sid="3457801589250242">
                    <conditions>
                        <condition id="0" name="On key pressed" sid="8705565630067539" type="Keyboard">
                            <param id="0" name="Key">83 (S)</param>
                        </condition>
                    </conditions>
                    <actions>
                        <action id="-2" name="Go to layout" sid="3237169521770328" type="System">
                            <param id="0" name="Layout">Main Level</param>
                        </action>
                    </actions>
                </event-block>
            </sub-events>
        </event-block>
        <event-block sid="2041745458279833">
            <conditions>
                <condition id="0" name="On collision with another object" sid="6475640666857641" type="Laser">
                    <param id="0" name="Object">Mirror</param>
                </condition>
            </conditions>
            <actions>
                <action behavior="Bullet" id="4" name="Bounce off object" sid="3179974536667842" type="Laser">
                    <param id="0" name="Object">Mirror</param>
                </action>
            </actions>
        </event-block>
        <event-block sid="5563686446904354">
            <conditions>
                <condition id="0" name="On collision with another object" sid="932538295149144" type="Laser">
                    <param id="0" name="Object">Mirror2</param>
                </condition>
            </conditions>
            <actions>
                <action behavior="Bullet" id="4" name="Bounce off object" sid="8726910125236097" type="Laser">
                    <param id="0" name="Object">Mirror2</param>
                </action>
            </actions>
        </event-block>
        <event-block sid="2826601526993743">
            <conditions>
                <condition id="0" name="On collision with another object" sid="8468495499771623" type="Laser">
                    <param id="0" name="Object">Mirror3</param>
                </condition>
            </conditions>
            <actions>
                <action behavior="Bullet" id="4" name="Bounce off object" sid="3017125752735519" type="Laser">
                    <param id="0" name="Object">Mirror3</param>
                </action>
            </actions>
        </event-block>
        <event-block sid="9073915786259339">
            <conditions>
                <condition id="0" name="On collision with another object" sid="5267334601498524" type="Laser">
                    <param id="0" name="Object">Mirror4</param>
                </condition>
            </conditions>
            <actions>
                <action behavior="Bullet" id="4" name="Bounce off object" sid="2435349209335226" type="Laser">
                    <param id="0" name="Object">Mirror4</param>
                </action>
            </actions>
        </event-block>
        <event-block sid="3064322101537377">
            <conditions>
                <condition id="0" name="On collision with another object" sid="6112583662565081" type="Laser">
                    <param id="0" name="Object">Mirror5</param>
                </condition>
            </conditions>
            <actions>
                <action behavior="Bullet" id="4" name="Bounce off object" sid="2338502413072541" type="Laser">
                    <param id="0" name="Object">Mirror5</param>
                </action>
            </actions>
        </event-block>
        <event-block sid="5484978569747937">
            <conditions>
                <condition id="0" name="On collision with another object" sid="8514943125709887" type="Laser">
                    <param id="0" name="Object">Mirror6</param>
                </condition>
            </conditions>
            <actions>
                <action behavior="Bullet" id="4" name="Bounce off object" sid="1091237724468038" type="Laser">
                    <param id="0" name="Object">Mirror6</param>
                </action>
            </actions>
        </event-block>
        <event-block sid="4604373865169433">
            <conditions>
                <condition id="0" name="On collision with another object" sid="3738165154163333" type="Laser">
                    <param id="0" name="Object">Mirror7</param>
                </condition>
            </conditions>
            <actions>
                <action behavior="Bullet" id="4" name="Bounce off object" sid="7686449710260647" type="Laser">
                    <param id="0" name="Object">Mirror7</param>
                </action>
            </actions>
        </event-block>
        <event-block sid="2311725671518896">
            <conditions>
                <condition id="0" name="On collision with another object" sid="9569877616307262" type="Laser">
                    <param id="0" name="Object">Mirror8</param>
                </condition>
            </conditions>
            <actions>
                <action behavior="Bullet" id="4" name="Bounce off object" sid="9793852143609429" type="Laser">
                    <param id="0" name="Object">Mirror8</param>
                </action>
            </actions>
        </event-block>
        <event-block sid="9956197683420217">
            <conditions>
                <condition id="0" name="On collision with another object" sid="7869136087828488" type="Laser">
                    <param id="0" name="Object">Mirror9</param>
                </condition>
            </conditions>
            <actions>
                <action behavior="Bullet" id="4" name="Bounce off object" sid="9949407516449297" type="Laser">
                    <param id="0" name="Object">Mirror9</param>
                </action>
            </actions>
        </event-block>
        <event-block sid="484033980997262">
            <conditions>
                <condition id="0" name="On collision with another object" sid="796275295578701" type="Laser">
                    <param id="0" name="Object">Mirror10</param>
                </condition>
            </conditions>
            <actions>
                <action behavior="Bullet" id="4" name="Bounce off object" sid="2272451019178318" type="Laser">
                    <param id="0" name="Object">Mirror10</param>
                </action>
            </actions>
        </event-block>
        <event-block sid="7003902802077815">
            <conditions>
                <condition id="0" name="On collision with another object" sid="3350488784106582" type="Laser">
                    <param id="0" name="Object">Mirror11</param>
                </condition>
            </conditions>
            <actions>
                <action behavior="Bullet" id="4" name="Bounce off object" sid="3636725602721251" type="Laser">
                    <param id="0" name="Object">Mirror11</param>
                </action>
            </actions>
        </event-block>
        <event-block sid="3883283364942454">
            <conditions>
                <condition id="0" name="On collision with another object" sid="4208827751207037" type="Laser">
                    <param id="0" name="Object">Mirror12</param>
                </condition>
            </conditions>
            <actions>
                <action behavior="Bullet" id="4" name="Bounce off object" sid="7745866216521398" type="Laser">
                    <param id="0" name="Object">Mirror12</param>
                </action>
            </actions>
        </event-block>
        <event-block sid="6252732159574888">
            <conditions>
                <condition id="0" name="On collision with another object" sid="2495207436980267" type="Laser">
                    <param id="0" name="Object">MirrorCube</param>
                </condition>
            </conditions>
            <actions>
                <action behavior="Bullet" id="4" name="Bounce off object" sid="5825876351426421" type="Laser">
                    <param id="0" name="Object">MirrorCube</param>
                </action>
            </actions>
        </event-block>
        <event-block sid="35779185177609">
            <conditions>
                <condition id="1" name="Is overlapping another object" sid="679399224375224" type="CavePlayer">
                    <param id="0" name="Object">Mirror</param>
                </condition>
            </conditions>
            <actions />
            <sub-events>
                <event-block sid="2246850733152811">
                    <conditions>
                        <condition id="0" name="On key pressed" sid="1946141385347859" type="Keyboard">
                            <param id="0" name="Key">65 (A)</param>
                        </condition>
                    </conditions>
                    <actions>
                        <action id="-19" name="Rotate counter-clockwise" sid="8898720995160014" type="Mirror">
                            <param id="0" name="Degrees">15</param>
                        </action>
                    </actions>
                </event-block>
                <event-block sid="2295004839319448">
                    <conditions>
                        <condition id="0" name="On key pressed" sid="1586238404289352" type="Keyboard">
                            <param id="0" name="Key">68 (D)</param>
                        </condition>
                    </conditions>
                    <actions>
                        <action id="-18" name="Rotate clockwise" sid="5047398626253538" type="Mirror">
                            <param id="0" name="Degrees">15</param>
                        </action>
                    </actions>
                </event-block>
            </sub-events>
        </event-block>
        <event-block sid="2212292540336629">
            <conditions>
                <condition id="1" name="Is overlapping another object" sid="4835238778911548" type="CavePlayer">
                    <param id="0" name="Object">Mirror2</param>
                </condition>
            </conditions>
            <actions />
            <sub-events>
                <event-block sid="1010194916005727">
                    <conditions>
                        <condition id="0" name="On key pressed" sid="2679437197048243" type="Keyboard">
                            <param id="0" name="Key">65 (A)</param>
                        </condition>
                    </conditions>
                    <actions>
                        <action id="-19" name="Rotate counter-clockwise" sid="5325404574217964" type="Mirror2">
                            <param id="0" name="Degrees">15</param>
                        </action>
                    </actions>
                </event-block>
                <event-block sid="279620003875571">
                    <conditions>
                        <condition id="0" name="On key pressed" sid="58705367770891" type="Keyboard">
                            <param id="0" name="Key">68 (D)</param>
                        </condition>
                    </conditions>
                    <actions>
                        <action id="-18" name="Rotate clockwise" sid="108613457643718" type="Mirror2">
                            <param id="0" name="Degrees">15</param>
                        </action>
                    </actions>
                </event-block>
            </sub-events>
        </event-block>
        <event-block sid="5594095005211234">
            <conditions>
                <condition id="1" name="Is overlapping another object" sid="8779528863417683" type="CavePlayer">
                    <param id="0" name="Object">Mirror3</param>
                </condition>
            </conditions>
            <actions />
            <sub-events>
                <event-block sid="7580879304339144">
                    <conditions>
                        <condition id="0" name="On key pressed" sid="1454460668617237" type="Keyboard">
                            <param id="0" name="Key">65 (A)</param>
                        </condition>
                    </conditions>
                    <actions>
                        <action id="-19" name="Rotate counter-clockwise" sid="2240592159679182" type="Mirror3">
                            <param id="0" name="Degrees">15</param>
                        </action>
                    </actions>
                </event-block>
                <event-block sid="9943064599062215">
                    <conditions>
                        <condition id="0" name="On key pressed" sid="7291704625386037" type="Keyboard">
                            <param id="0" name="Key">68 (D)</param>
                        </condition>
                    </conditions>
                    <actions>
                        <action id="-18" name="Rotate clockwise" sid="9918303679957258" type="Mirror3">
                            <param id="0" name="Degrees">15</param>
                        </action>
                    </actions>
                </event-block>
            </sub-events>
        </event-block>
        <event-block sid="8984017912862789">
            <conditions>
                <condition id="1" name="Is overlapping another object" sid="6483773956418033" type="CavePlayer">
                    <param id="0" name="Object">Mirror4</param>
                </condition>
            </conditions>
            <actions />
            <sub-events>
                <event-block sid="6731619994076264">
                    <conditions>
                        <condition id="0" name="On key pressed" sid="1542289251381878" type="Keyboard">
                            <param id="0" name="Key">65 (A)</param>
                        </condition>
                    </conditions>
                    <actions>
                        <action id="-19" name="Rotate counter-clockwise" sid="5046070923415768" type="Mirror4">
                            <param id="0" name="Degrees">15</param>
                        </action>
                    </actions>
                </event-block>
                <event-block sid="9198677691532125">
                    <conditions>
                        <condition id="0" name="On key pressed" sid="4432278010365982" type="Keyboard">
                            <param id="0" name="Key">68 (D)</param>
                        </condition>
                    </conditions>
                    <actions>
                        <action id="-18" name="Rotate clockwise" sid="5791969956478105" type="Mirror4">
                            <param id="0" name="Degrees">15</param>
                        </action>
                    </actions>
                </event-block>
            </sub-events>
        </event-block>
        <event-block sid="1089582140140904">
            <conditions>
                <condition id="1" name="Is overlapping another object" sid="2691160268196239" type="CavePlayer">
                    <param id="0" name="Object">Mirror5</param>
                </condition>
            </conditions>
            <actions />
            <sub-events>
                <event-block sid="9825264616069802">
                    <conditions>
                        <condition id="0" name="On key pressed" sid="2030860914233769" type="Keyboard">
                            <param id="0" name="Key">65 (A)</param>
                        </condition>
                    </conditions>
                    <actions>
                        <action id="-19" name="Rotate counter-clockwise" sid="539870498158378" type="Mirror5">
                            <param id="0" name="Degrees">15</param>
                        </action>
                    </actions>
                </event-block>
                <event-block sid="9664495585779231">
                    <conditions>
                        <condition id="0" name="On key pressed" sid="5245108304160201" type="Keyboard">
                            <param id="0" name="Key">68 (D)</param>
                        </condition>
                    </conditions>
                    <actions>
                        <action id="-18" name="Rotate clockwise" sid="6417183639881744" type="Mirror5">
                            <param id="0" name="Degrees">15</param>
                        </action>
                    </actions>
                </event-block>
            </sub-events>
        </event-block>
        <event-block sid="3155713672612999">
            <conditions>
                <condition id="1" name="Is overlapping another object" sid="5379000439286089" type="CavePlayer">
                    <param id="0" name="Object">Mirror6</param>
                </condition>
            </conditions>
            <actions />
            <sub-events>
                <event-block sid="5173883401296107">
                    <conditions>
                        <condition id="0" name="On key pressed" sid="130265720149354" type="Keyboard">
                            <param id="0" name="Key">65 (A)</param>
                        </condition>
                    </conditions>
                    <actions>
                        <action id="-19" name="Rotate counter-clockwise" sid="7963013678480208" type="Mirror6">
                            <param id="0" name="Degrees">15</param>
                        </action>
                    </actions>
                </event-block>
                <event-block sid="3719748261083199">
                    <conditions>
                        <condition id="0" name="On key pressed" sid="4102298276653148" type="Keyboard">
                            <param id="0" name="Key">68 (D)</param>
                        </condition>
                    </conditions>
                    <actions>
                        <action id="-18" name="Rotate clockwise" sid="1338024191059198" type="Mirror6">
                            <param id="0" name="Degrees">15</param>
                        </action>
                    </actions>
                </event-block>
            </sub-events>
        </event-block>
        <event-block sid="344762199896443">
            <conditions>
                <condition id="1" name="Is overlapping another object" sid="8743068834676952" type="CavePlayer">
                    <param id="0" name="Object">Mirror7</param>
                </condition>
            </conditions>
            <actions />
            <sub-events>
                <event-block sid="9242786233564035">
                    <conditions>
                        <condition id="0" name="On key pressed" sid="957312699313188" type="Keyboard">
                            <param id="0" name="Key">65 (A)</param>
                        </condition>
                    </conditions>
                    <actions>
                        <action id="-19" name="Rotate counter-clockwise" sid="6017551838076917" type="Mirror7">
                            <param id="0" name="Degrees">15</param>
                        </action>
                    </actions>
                </event-block>
                <event-block sid="2673718329316231">
                    <conditions>
                        <condition id="0" name="On key pressed" sid="9490025296375283" type="Keyboard">
                            <param id="0" name="Key">68 (D)</param>
                        </condition>
                    </conditions>
                    <actions>
                        <action id="-18" name="Rotate clockwise" sid="8367335983313145" type="Mirror7">
                            <param id="0" name="Degrees">15</param>
                        </action>
                    </actions>
                </event-block>
            </sub-events>
        </event-block>
        <event-block sid="2789343009633711">
            <conditions>
                <condition id="1" name="Is overlapping another object" sid="3034523449551185" type="CavePlayer">
                    <param id="0" name="Object">Mirror8</param>
                </condition>
            </conditions>
            <actions />
            <sub-events>
                <event-block sid="2165276445364931">
                    <conditions>
                        <condition id="0" name="On key pressed" sid="6197661830519553" type="Keyboard">
                            <param id="0" name="Key">65 (A)</param>
                        </condition>
                    </conditions>
                    <actions>
                        <action id="-19" name="Rotate counter-clockwise" sid="7358524832538751" type="Mirror8">
                            <param id="0" name="Degrees">15</param>
                        </action>
                    </actions>
                </event-block>
                <event-block sid="8575981777971312">
                    <conditions>
                        <condition id="0" name="On key pressed" sid="2552949508672678" type="Keyboard">
                            <param id="0" name="Key">68 (D)</param>
                        </condition>
                    </conditions>
                    <actions>
                        <action id="-18" name="Rotate clockwise" sid="1120567574981483" type="Mirror8">
                            <param id="0" name="Degrees">15</param>
                        </action>
                    </actions>
                </event-block>
            </sub-events>
        </event-block>
        <event-block sid="4600031864059919">
            <conditions>
                <condition id="1" name="Is overlapping another object" sid="5927383683453102" type="CavePlayer">
                    <param id="0" name="Object">Mirror9</param>
                </condition>
            </conditions>
            <actions />
            <sub-events>
                <event-block sid="605505439961309">
                    <conditions>
                        <condition id="0" name="On key pressed" sid="4417974782323545" type="Keyboard">
                            <param id="0" name="Key">65 (A)</param>
                        </condition>
                    </conditions>
                    <actions>
                        <action id="-19" name="Rotate counter-clockwise" sid="435260273943928" type="Mirror9">
                            <param id="0" name="Degrees">15</param>
                        </action>
                    </actions>
                </event-block>
                <event-block sid="9134459598071111">
                    <conditions>
                        <condition id="0" name="On key pressed" sid="6990875830040583" type="Keyboard">
                            <param id="0" name="Key">68 (D)</param>
                        </condition>
                    </conditions>
                    <actions>
                        <action id="-18" name="Rotate clockwise" sid="8077002402593976" type="Mirror9">
                            <param id="0" name="Degrees">15</param>
                        </action>
                    </actions>
                </event-block>
            </sub-events>
        </event-block>
        <event-block sid="4775825002712264">
            <conditions>
                <condition id="1" name="Is overlapping another object" sid="3831895992851152" type="CavePlayer">
                    <param id="0" name="Object">Mirror10</param>
                </condition>
            </conditions>
            <actions />
            <sub-events>
                <event-block sid="8495843174557781">
                    <conditions>
                        <condition id="0" name="On key pressed" sid="1829648163050682" type="Keyboard">
                            <param id="0" name="Key">65 (A)</param>
                        </condition>
                    </conditions>
                    <actions>
                        <action id="-19" name="Rotate counter-clockwise" sid="8831167698887771" type="Mirror10">
                            <param id="0" name="Degrees">15</param>
                        </action>
                    </actions>
                </event-block>
                <event-block sid="468691772602752">
                    <conditions>
                        <condition id="0" name="On key pressed" sid="4285154867519761" type="Keyboard">
                            <param id="0" name="Key">68 (D)</param>
                        </condition>
                    </conditions>
                    <actions>
                        <action id="-18" name="Rotate clockwise" sid="1070601187449943" type="Mirror10">
                            <param id="0" name="Degrees">15</param>
                        </action>
                    </actions>
                </event-block>
            </sub-events>
        </event-block>
        <event-block sid="1179798170419537">
            <conditions>
                <condition id="1" name="Is overlapping another object" sid="884895521652365" type="CavePlayer">
                    <param id="0" name="Object">Mirror11</param>
                </condition>
            </conditions>
            <actions />
            <sub-events>
                <event-block sid="9628295011796355">
                    <conditions>
                        <condition id="0" name="On key pressed" sid="1967571502385289" type="Keyboard">
                            <param id="0" name="Key">65 (A)</param>
                        </condition>
                    </conditions>
                    <actions>
                        <action id="-19" name="Rotate counter-clockwise" sid="5636731446083399" type="Mirror11">
                            <param id="0" name="Degrees">15</param>
                        </action>
                    </actions>
                </event-block>
                <event-block sid="7881921007307251">
                    <conditions>
                        <condition id="0" name="On key pressed" sid="2389829145572576" type="Keyboard">
                            <param id="0" name="Key">68 (D)</param>
                        </condition>
                    </conditions>
                    <actions>
                        <action id="-18" name="Rotate clockwise" sid="9152175774559669" type="Mirror11">
                            <param id="0" name="Degrees">15</param>
                        </action>
                    </actions>
                </event-block>
            </sub-events>
        </event-block>
        <event-block sid="5075360812054618">
            <conditions>
                <condition id="1" name="Is overlapping another object" sid="3048840500711674" type="CavePlayer">
                    <param id="0" name="Object">Mirror12</param>
                </condition>
            </conditions>
            <actions />
            <sub-events>
                <event-block sid="3955330319573361">
                    <conditions>
                        <condition id="0" name="On key pressed" sid="2446781454824992" type="Keyboard">
                            <param id="0" name="Key">65 (A)</param>
                        </condition>
                    </conditions>
                    <actions>
                        <action id="-19" name="Rotate counter-clockwise" sid="9638324028811696" type="Mirror12">
                            <param id="0" name="Degrees">15</param>
                        </action>
                    </actions>
                </event-block>
                <event-block sid="5294479867171916">
                    <conditions>
                        <condition id="0" name="On key pressed" sid="6464039505573583" type="Keyboard">
                            <param id="0" name="Key">68 (D)</param>
                        </condition>
                    </conditions>
                    <actions>
                        <action id="-18" name="Rotate clockwise" sid="4645143272382158" type="Mirror12">
                            <param id="0" name="Degrees">15</param>
                        </action>
                    </actions>
                </event-block>
            </sub-events>
        </event-block>
        <event-block sid="261564925148467">
            <conditions>
                <condition id="1" name="Is overlapping another object" sid="7170224360354292" type="CavePlayer">
                    <param id="0" name="Object">CubeBase</param>
                </condition>
            </conditions>
            <actions />
            <sub-events>
                <event-block sid="9583139364612074">
                    <conditions>
                        <condition id="2" name="Key is down" sid="2952693357279074" type="Keyboard">
                            <param id="0" name="Key">83 (S)</param>
                        </condition>
                    </conditions>
                    <actions>
                        <action id="-3" name="Set position" sid="5996526612249778" type="CubeBase">
                            <param id="0" name="X">CavePlayer.X</param>
                            <param id="1" name="Y">CavePlayer.Y+15</param>
                        </action>
                    </actions>
                </event-block>
            </sub-events>
        </event-block>
        <event-block sid="4789732176493887">
            <conditions>
                <condition id="1" name="Is overlapping another object" sid="9586412143751217" type="CavePlayer">
                    <param id="0" name="Object">MirrorCube</param>
                </condition>
            </conditions>
            <actions />
            <sub-events>
                <event-block sid="7561713925638408">
                    <conditions>
                        <condition id="0" name="On key pressed" sid="6789239450749163" type="Keyboard">
                            <param id="0" name="Key">65 (A)</param>
                        </condition>
                    </conditions>
                    <actions>
                        <action id="-19" name="Rotate counter-clockwise" sid="3901743347198334" type="MirrorCube">
                            <param id="0" name="Degrees">45</param>
                        </action>
                    </actions>
                </event-block>
                <event-block sid="8851126843358786">
                    <conditions>
                        <condition id="0" name="On key pressed" sid="9267350157415302" type="Keyboard">
                            <param id="0" name="Key">68 (D)</param>
                        </condition>
                    </conditions>
                    <actions>
                        <action id="-18" name="Rotate clockwise" sid="3836167956144675" type="MirrorCube">
                            <param id="0" name="Degrees">45</param>
                        </action>
                    </actions>
                </event-block>
            </sub-events>
        </event-block>
        <event-block sid="2300401513674216">
            <conditions>
                <condition id="-1" name="Every tick" sid="2729001636751678" type="System" />
            </conditions>
            <actions>
                <action id="-25" name="Move to bottom" sid="2640869894496907" type="CaveBackground" />
            </actions>
        </event-block>
        <event-block sid="8689861051611434">
            <conditions>
                <condition id="-1" name="Every tick" sid="9921696597464531" type="System" />
            </conditions>
            <actions>
                <action id="-3" name="Set position" sid="4034761486894706" type="MirrorCube">
                    <param id="0" name="X">CubeBase.X</param>
                    <param id="1" name="Y">CubeBase.Y-34</param>
                </action>
            </actions>
        </event-block>
        <event-block sid="9020565124650385">
            <conditions>
                <condition id="0" name="On key pressed" sid="92332289530841" type="Keyboard">
                    <param id="0" name="Key">32 (Space)</param>
                </condition>
            </conditions>
            <actions>
                <action id="-11" name="Add to" sid="9556012524988941" type="CaveDialog">
                    <param id="0" name="Instance variable">CaveDialogFrame</param>
                    <param id="1" name="Value">1</param>
                </action>
            </actions>
        </event-block>
        <event-block sid="2358843551907829">
            <conditions>
                <condition id="-7" name="Compare instance variable" sid="465586590269375" type="CaveDialog">
                    <param id="0" name="Instance variable">CaveDialogFrame</param>
                    <param id="1" name="Comparison">0</param>
                    <param id="2" name="Value">0</param>
                </condition>
            </conditions>
            <actions>
                <action id="5" name="Set frame" sid="1320417507111927" type="CaveDialog">
                    <param id="0" name="Frame number">0</param>
                </action>
            </actions>
        </event-block>
        <event-block sid="123519232817176">
            <conditions>
                <condition id="-7" name="Compare instance variable" sid="7400027009107193" type="CaveDialog">
                    <param id="0" name="Instance variable">CaveDialogFrame</param>
                    <param id="1" name="Comparison">0</param>
                    <param id="2" name="Value">1</param>
                </condition>
            </conditions>
            <actions>
                <action id="5" name="Set frame" sid="3876111598482641" type="CaveDialog">
                    <param id="0" name="Frame number">1</param>
                </action>
            </actions>
        </event-block>
        <event-block sid="367576519913313">
            <conditions>
                <condition id="-7" name="Compare instance variable" sid="8435742160903073" type="CaveDialog">
                    <param id="0" name="Instance variable">CaveDialogFrame</param>
                    <param id="1" name="Comparison">0</param>
                    <param id="2" name="Value">2</param>
                </condition>
            </conditions>
            <actions>
                <action id="5" name="Set frame" sid="6355477047881621" type="CaveDialog">
                    <param id="0" name="Frame number">2</param>
                </action>
            </actions>
        </event-block>
        <event-block sid="8559650428710123">
            <conditions>
                <condition id="-7" name="Compare instance variable" sid="3633895797280325" type="CaveDialog">
                    <param id="0" name="Instance variable">CaveDialogFrame</param>
                    <param id="1" name="Comparison">0</param>
                    <param id="2" name="Value">3</param>
                </condition>
            </conditions>
            <actions>
                <action id="5" name="Set frame" sid="7038899939107514" type="CaveDialog">
                    <param id="0" name="Frame number">3</param>
                </action>
            </actions>
        </event-block>
        <event-block sid="8348706348401908">
            <conditions>
                <condition id="-7" name="Compare instance variable" sid="4888173978292726" type="CaveDialog">
                    <param id="0" name="Instance variable">CaveDialogFrame</param>
                    <param id="1" name="Comparison">0</param>
                    <param id="2" name="Value">4</param>
                </condition>
            </conditions>
            <actions>
                <action id="5" name="Set frame" sid="3524390358174504" type="CaveDialog">
                    <param id="0" name="Frame number">4</param>
                </action>
            </actions>
        </event-block>
    </events>
</c2eventsheet>
