﻿<?xml version="1.0" encoding="utf-8" ?>
<c2eventsheet>
    <!--All the 'name' attributes are ignored by Construct 2 - they are there for readability only.-->
    <name>Win Screen Events</name>
    <events>
        <event-block sid="3817171172799526">
            <conditions>
                <condition id="1" name="On any key pressed" sid="8025821161934728" type="Keyboard" />
            </conditions>
            <actions>
                <action id="-2" name="Go to layout" sid="2469165019644716" type="System">
                    <param id="0" name="Layout">Title Screen</param>
                </action>
            </actions>
        </event-block>
        <event-block sid="5452139166813266">
            <conditions>
                <condition id="-6" name="Every X seconds" sid="6043697859315082" type="System">
                    <param id="0" name="Interval (seconds)">0.1</param>
                </condition>
            </conditions>
            <actions>
                <action id="-16" name="Set opacity" sid="2206650310732846" type="TitleBlack">
                    <param id="0" name="Opacity">TitleBlack.Opacity-2</param>
                </action>
            </actions>
        </event-block>
    </events>
</c2eventsheet>
