﻿<?xml version="1.0" encoding="utf-8" ?>
<c2eventsheet>
    <!--All the 'name' attributes are ignored by Construct 2 - they are there for readability only.-->
    <name>Cave 4 Events</name>
    <events>
        <variable constant="0" name="Cave4Complete" sid="6413385285805285" static="0" type="number">0</variable>
        <event-block sid="6770905147757167">
            <conditions>
                <condition id="-2" name="On start of layout" sid="5272541245818707" type="System" />
            </conditions>
            <actions>
                <action id="2" name="Stop" sid="9566766753688086" type="CavePlayer" />
                <action id="2" name="Stop" sid="621676775481462" type="LaserGoal" />
            </actions>
        </event-block>
        <event-block sid="804313777067555">
            <conditions>
                <condition id="0" name="On key pressed" sid="1433650683111269" type="Keyboard">
                    <param id="0" name="Key">27 (Esc)</param>
                </condition>
            </conditions>
            <actions>
                <action id="-2" name="Go to layout" sid="1751651565533588" type="System">
                    <param id="0" name="Layout">Title Screen</param>
                </action>
            </actions>
        </event-block>
        <event-block sid="6323696021238428">
            <conditions>
                <condition id="2" name="Key is down" sid="3679006399165429" type="Keyboard">
                    <param id="0" name="Key">39 (Right arrow)</param>
                </condition>
            </conditions>
            <actions>
                <action id="5" name="Set frame" sid="8111937649756463" type="CavePlayer">
                    <param id="0" name="Frame number">0</param>
                </action>
            </actions>
        </event-block>
        <event-block sid="6316745522552035">
            <conditions>
                <condition id="2" name="Key is down" sid="6448806864026728" type="Keyboard">
                    <param id="0" name="Key">37 (Left arrow)</param>
                </condition>
            </conditions>
            <actions>
                <action id="5" name="Set frame" sid="9993529422211213" type="CavePlayer">
                    <param id="0" name="Frame number">1</param>
                </action>
            </actions>
        </event-block>
        <event-block sid="4625226576176157">
            <conditions>
                <condition id="0" name="On key pressed" sid="1830008728128834" type="Keyboard">
                    <param id="0" name="Key">65 (A)</param>
                </condition>
            </conditions>
            <actions>
                <action id="-19" name="Rotate counter-clockwise" sid="383660386163459" type="Lens">
                    <param id="0" name="Degrees">15</param>
                </action>
            </actions>
        </event-block>
        <event-block sid="5604040027422078">
            <conditions>
                <condition id="0" name="On key pressed" sid="7557442305444435" type="Keyboard">
                    <param id="0" name="Key">68 (D)</param>
                </condition>
            </conditions>
            <actions>
                <action id="-18" name="Rotate clockwise" sid="8613888019021036" type="Lens">
                    <param id="0" name="Degrees">15</param>
                </action>
            </actions>
        </event-block>
        <event-block sid="5208236696313834">
            <conditions>
                <condition id="-8" name="Is boolean instance variable set" sid="3503278163595951" type="LaserStart">
                    <param id="0" name="Instance variable">LaserActive</param>
                </condition>
            </conditions>
            <actions>
                <action id="-3" name="Create object" sid="1319343851925234" type="System">
                    <param id="0" name="Object to create">Laser</param>
                    <param id="1" name="Layer">0</param>
                    <param id="2" name="X">155</param>
                    <param id="3" name="Y">1365</param>
                </action>
                <action id="-29" name="Move to object" sid="2382763242172797" type="Laser">
                    <param id="0" name="Where">1</param>
                    <param id="1" name="Object">Ground</param>
                </action>
                <action behavior="Bullet" id="0" name="Set speed" sid="3828058941753107" type="Laser">
                    <param id="0" name="Speed">600</param>
                </action>
                <action id="5" name="Set frame" sid="7411003737833811" type="LaserStart">
                    <param id="0" name="Frame number">1</param>
                </action>
            </actions>
        </event-block>
        <event-block sid="675277244749755">
            <conditions>
                <condition id="-8" inverted="1" name="Is boolean instance variable set" sid="3237385158172966" type="LaserStart">
                    <param id="0" name="Instance variable">LaserActive</param>
                </condition>
            </conditions>
            <actions>
                <action id="5" name="Set frame" sid="4579257705312267" type="LaserStart">
                    <param id="0" name="Frame number">0</param>
                </action>
            </actions>
        </event-block>
        <event-block sid="2869102157334649">
            <conditions>
                <condition id="0" name="On collision with another object" sid="3123941019381623" type="Laser">
                    <param id="0" name="Object">Ground</param>
                </condition>
            </conditions>
            <actions>
                <action id="-9" name="Destroy" sid="4668726642230454" type="Laser" />
            </actions>
        </event-block>
        <event-block sid="8864839184287269">
            <conditions>
                <condition id="0" name="On collision with another object" sid="6761141698929171" type="Laser">
                    <param id="0" name="Object">CatwalkBackground</param>
                </condition>
            </conditions>
            <actions>
                <action id="-9" name="Destroy" sid="3666939618723343" type="Laser" />
            </actions>
        </event-block>
        <event-block sid="4470593474521837">
            <conditions>
                <condition id="1" name="Is overlapping another object" sid="6923284564816168" type="Laser">
                    <param id="0" name="Object">Lens2</param>
                </condition>
            </conditions>
            <actions>
                <action id="-8" name="Set angle" sid="7785875826178845" type="Laser">
                    <param id="0" name="Angle">Lens2.Angle</param>
                </action>
            </actions>
        </event-block>
        <event-block sid="1472923579327612">
            <conditions>
                <condition id="1" name="Is overlapping another object" sid="1175941789630544" type="CavePlayer">
                    <param id="0" name="Object">Switch</param>
                </condition>
            </conditions>
            <actions />
            <sub-events>
                <event-block sid="1883137889598972">
                    <conditions>
                        <condition id="0" name="On key pressed" sid="877181485610515" type="Keyboard">
                            <param id="0" name="Key">65 (A)</param>
                        </condition>
                    </conditions>
                    <actions>
                        <action id="-19" name="Rotate counter-clockwise" sid="2519631026526752" type="Lens2">
                            <param id="0" name="Degrees">15</param>
                        </action>
                    </actions>
                </event-block>
                <event-block sid="8132517276757092">
                    <conditions>
                        <condition id="0" name="On key pressed" sid="4545955617471376" type="Keyboard">
                            <param id="0" name="Key">68 (D)</param>
                        </condition>
                    </conditions>
                    <actions>
                        <action id="-18" name="Rotate clockwise" sid="6418611361645239" type="Lens2">
                            <param id="0" name="Degrees">15</param>
                        </action>
                    </actions>
                </event-block>
            </sub-events>
        </event-block>
        <event-block sid="3808713997117501">
            <conditions>
                <condition id="0" name="On collision with another object" sid="4497003610025602" type="Laser">
                    <param id="0" name="Object">LaserGoal</param>
                </condition>
            </conditions>
            <actions>
                <action id="-9" name="Destroy" sid="5731482774390558" type="Laser" />
                <action id="5" name="Set frame" sid="9945760128881118" type="LaserGoal">
                    <param id="0" name="Frame number">1</param>
                </action>
                <action id="-9" name="Set value" sid="4841720244968321" type="System">
                    <param id="0" name="Variable">Cave4Complete</param>
                    <param id="1" name="Value">1</param>
                </action>
            </actions>
        </event-block>
        <event-block sid="2632714461837149">
            <conditions>
                <condition id="1" name="Is overlapping another object" sid="9838860500847932" type="CavePlayer">
                    <param id="0" name="Object">LaserStart</param>
                </condition>
            </conditions>
            <actions />
            <sub-events>
                <event-block sid="3910235324683978">
                    <conditions>
                        <condition id="0" name="On key pressed" sid="8792558112522182" type="Keyboard">
                            <param id="0" name="Key">83 (S)</param>
                        </condition>
                    </conditions>
                    <actions>
                        <action id="-14" name="Toggle boolean" sid="387231714529378" type="LaserStart">
                            <param id="0" name="Instance variable">LaserActive</param>
                        </action>
                    </actions>
                </event-block>
            </sub-events>
        </event-block>
        <event-block sid="9149107894515506">
            <conditions>
                <condition id="1" name="Is overlapping another object" sid="7515899736644572" type="CavePlayer">
                    <param id="0" name="Object">Cave1Exit</param>
                </condition>
            </conditions>
            <actions />
            <sub-events>
                <event-block sid="2941238615846115">
                    <conditions>
                        <condition id="0" name="On key pressed" sid="504714572133665" type="Keyboard">
                            <param id="0" name="Key">83 (S)</param>
                        </condition>
                    </conditions>
                    <actions>
                        <action id="-2" name="Go to layout" sid="4776088125120907" type="System">
                            <param id="0" name="Layout">Main Level</param>
                        </action>
                    </actions>
                </event-block>
            </sub-events>
        </event-block>
        <event-block sid="5440665995975896">
            <conditions>
                <condition id="0" name="On collision with another object" sid="5097512522651151" type="Laser">
                    <param id="0" name="Object">Mirror</param>
                </condition>
            </conditions>
            <actions>
                <action behavior="Bullet" id="4" name="Bounce off object" sid="3516141588279559" type="Laser">
                    <param id="0" name="Object">Mirror</param>
                </action>
            </actions>
        </event-block>
        <event-block sid="4635894809452941">
            <conditions>
                <condition id="0" name="On collision with another object" sid="6978201098278597" type="Laser">
                    <param id="0" name="Object">Mirror2</param>
                </condition>
            </conditions>
            <actions>
                <action behavior="Bullet" id="4" name="Bounce off object" sid="7398985486857843" type="Laser">
                    <param id="0" name="Object">Mirror2</param>
                </action>
            </actions>
        </event-block>
        <event-block sid="6646251588979742">
            <conditions>
                <condition id="0" name="On collision with another object" sid="8760600538250581" type="Laser">
                    <param id="0" name="Object">Mirror3</param>
                </condition>
            </conditions>
            <actions>
                <action behavior="Bullet" id="4" name="Bounce off object" sid="9524662664402606" type="Laser">
                    <param id="0" name="Object">Mirror3</param>
                </action>
            </actions>
        </event-block>
        <event-block sid="689855555912149">
            <conditions>
                <condition id="0" name="On collision with another object" sid="6763471211010374" type="Laser">
                    <param id="0" name="Object">Mirror4</param>
                </condition>
            </conditions>
            <actions>
                <action behavior="Bullet" id="4" name="Bounce off object" sid="4187469820638057" type="Laser">
                    <param id="0" name="Object">Mirror4</param>
                </action>
            </actions>
        </event-block>
        <event-block sid="4365012147216584">
            <conditions>
                <condition id="0" name="On collision with another object" sid="25309778271039" type="Laser">
                    <param id="0" name="Object">Mirror5</param>
                </condition>
            </conditions>
            <actions>
                <action behavior="Bullet" id="4" name="Bounce off object" sid="1330175567057578" type="Laser">
                    <param id="0" name="Object">Mirror5</param>
                </action>
            </actions>
        </event-block>
        <event-block sid="8241810121486624">
            <conditions>
                <condition id="0" name="On collision with another object" sid="7604633537713798" type="Laser">
                    <param id="0" name="Object">Mirror6</param>
                </condition>
            </conditions>
            <actions>
                <action behavior="Bullet" id="4" name="Bounce off object" sid="5303386558923283" type="Laser">
                    <param id="0" name="Object">Mirror6</param>
                </action>
            </actions>
        </event-block>
        <event-block sid="3649590862205174">
            <conditions>
                <condition id="0" name="On collision with another object" sid="9123391182989841" type="Laser">
                    <param id="0" name="Object">Mirror7</param>
                </condition>
            </conditions>
            <actions>
                <action behavior="Bullet" id="4" name="Bounce off object" sid="725124177522794" type="Laser">
                    <param id="0" name="Object">Mirror7</param>
                </action>
            </actions>
        </event-block>
        <event-block sid="6769578927155098">
            <conditions>
                <condition id="0" name="On collision with another object" sid="4235199369306964" type="Laser">
                    <param id="0" name="Object">Mirror8</param>
                </condition>
            </conditions>
            <actions>
                <action behavior="Bullet" id="4" name="Bounce off object" sid="978596161670267" type="Laser">
                    <param id="0" name="Object">Mirror8</param>
                </action>
            </actions>
        </event-block>
        <event-block sid="2317938000151291">
            <conditions>
                <condition id="0" name="On collision with another object" sid="4230627147475059" type="Laser">
                    <param id="0" name="Object">Mirror9</param>
                </condition>
            </conditions>
            <actions>
                <action behavior="Bullet" id="4" name="Bounce off object" sid="3543469378583467" type="Laser">
                    <param id="0" name="Object">Mirror9</param>
                </action>
            </actions>
        </event-block>
        <event-block sid="2414191660572503">
            <conditions>
                <condition id="0" name="On collision with another object" sid="3251512182069941" type="Laser">
                    <param id="0" name="Object">Mirror10</param>
                </condition>
            </conditions>
            <actions>
                <action behavior="Bullet" id="4" name="Bounce off object" sid="1367343721091801" type="Laser">
                    <param id="0" name="Object">Mirror10</param>
                </action>
            </actions>
        </event-block>
        <event-block sid="3716162554174741">
            <conditions>
                <condition id="0" name="On collision with another object" sid="7098937113921752" type="Laser">
                    <param id="0" name="Object">Mirror11</param>
                </condition>
            </conditions>
            <actions>
                <action behavior="Bullet" id="4" name="Bounce off object" sid="4860320722562743" type="Laser">
                    <param id="0" name="Object">Mirror11</param>
                </action>
            </actions>
        </event-block>
        <event-block sid="4344045703251537">
            <conditions>
                <condition id="0" name="On collision with another object" sid="6746077367579378" type="Laser">
                    <param id="0" name="Object">Mirror12</param>
                </condition>
            </conditions>
            <actions>
                <action behavior="Bullet" id="4" name="Bounce off object" sid="9588236352903747" type="Laser">
                    <param id="0" name="Object">Mirror12</param>
                </action>
            </actions>
        </event-block>
        <event-block sid="92465414433625">
            <conditions>
                <condition id="0" name="On collision with another object" sid="2239295667468041" type="Laser">
                    <param id="0" name="Object">MirrorCube</param>
                </condition>
            </conditions>
            <actions>
                <action behavior="Bullet" id="4" name="Bounce off object" sid="9441982600110617" type="Laser">
                    <param id="0" name="Object">MirrorCube</param>
                </action>
            </actions>
        </event-block>
        <event-block sid="7801266742393859">
            <conditions>
                <condition id="1" name="Is overlapping another object" sid="8506814273930667" type="CavePlayer">
                    <param id="0" name="Object">Mirror</param>
                </condition>
            </conditions>
            <actions />
            <sub-events>
                <event-block sid="1321792108845564">
                    <conditions>
                        <condition id="0" name="On key pressed" sid="5142010883472063" type="Keyboard">
                            <param id="0" name="Key">65 (A)</param>
                        </condition>
                    </conditions>
                    <actions>
                        <action id="-19" name="Rotate counter-clockwise" sid="6566465837415818" type="Mirror">
                            <param id="0" name="Degrees">15</param>
                        </action>
                    </actions>
                </event-block>
                <event-block sid="811034702881826">
                    <conditions>
                        <condition id="0" name="On key pressed" sid="7465848708049572" type="Keyboard">
                            <param id="0" name="Key">68 (D)</param>
                        </condition>
                    </conditions>
                    <actions>
                        <action id="-18" name="Rotate clockwise" sid="1283021055671633" type="Mirror">
                            <param id="0" name="Degrees">15</param>
                        </action>
                    </actions>
                </event-block>
            </sub-events>
        </event-block>
        <event-block sid="7275810444747434">
            <conditions>
                <condition id="1" name="Is overlapping another object" sid="5796086876341907" type="CavePlayer">
                    <param id="0" name="Object">Mirror2</param>
                </condition>
            </conditions>
            <actions />
            <sub-events>
                <event-block sid="9140581887469389">
                    <conditions>
                        <condition id="0" name="On key pressed" sid="4865311399304378" type="Keyboard">
                            <param id="0" name="Key">65 (A)</param>
                        </condition>
                    </conditions>
                    <actions>
                        <action id="-19" name="Rotate counter-clockwise" sid="7748126449446389" type="Mirror2">
                            <param id="0" name="Degrees">15</param>
                        </action>
                    </actions>
                </event-block>
                <event-block sid="6614390274092069">
                    <conditions>
                        <condition id="0" name="On key pressed" sid="3025571517325658" type="Keyboard">
                            <param id="0" name="Key">68 (D)</param>
                        </condition>
                    </conditions>
                    <actions>
                        <action id="-18" name="Rotate clockwise" sid="6149199757699948" type="Mirror2">
                            <param id="0" name="Degrees">15</param>
                        </action>
                    </actions>
                </event-block>
            </sub-events>
        </event-block>
        <event-block sid="6518677075755309">
            <conditions>
                <condition id="1" name="Is overlapping another object" sid="382846270582525" type="CavePlayer">
                    <param id="0" name="Object">Mirror3</param>
                </condition>
            </conditions>
            <actions />
            <sub-events>
                <event-block sid="6655548811328633">
                    <conditions>
                        <condition id="0" name="On key pressed" sid="5126433007921267" type="Keyboard">
                            <param id="0" name="Key">65 (A)</param>
                        </condition>
                    </conditions>
                    <actions>
                        <action id="-19" name="Rotate counter-clockwise" sid="7030884772344986" type="Mirror3">
                            <param id="0" name="Degrees">15</param>
                        </action>
                    </actions>
                </event-block>
                <event-block sid="1221262964064694">
                    <conditions>
                        <condition id="0" name="On key pressed" sid="1042466650325266" type="Keyboard">
                            <param id="0" name="Key">68 (D)</param>
                        </condition>
                    </conditions>
                    <actions>
                        <action id="-18" name="Rotate clockwise" sid="7327341122052326" type="Mirror3">
                            <param id="0" name="Degrees">15</param>
                        </action>
                    </actions>
                </event-block>
            </sub-events>
        </event-block>
        <event-block sid="7250023307315061">
            <conditions>
                <condition id="1" name="Is overlapping another object" sid="2541992069581085" type="CavePlayer">
                    <param id="0" name="Object">Mirror4</param>
                </condition>
            </conditions>
            <actions />
            <sub-events>
                <event-block sid="9807508139944465">
                    <conditions>
                        <condition id="0" name="On key pressed" sid="7291287918818474" type="Keyboard">
                            <param id="0" name="Key">65 (A)</param>
                        </condition>
                    </conditions>
                    <actions>
                        <action id="-19" name="Rotate counter-clockwise" sid="6707024456518225" type="Mirror4">
                            <param id="0" name="Degrees">15</param>
                        </action>
                    </actions>
                </event-block>
                <event-block sid="484436787192889">
                    <conditions>
                        <condition id="0" name="On key pressed" sid="8456158424818578" type="Keyboard">
                            <param id="0" name="Key">68 (D)</param>
                        </condition>
                    </conditions>
                    <actions>
                        <action id="-18" name="Rotate clockwise" sid="8783365330388077" type="Mirror4">
                            <param id="0" name="Degrees">15</param>
                        </action>
                    </actions>
                </event-block>
            </sub-events>
        </event-block>
        <event-block sid="5757705569421604">
            <conditions>
                <condition id="1" name="Is overlapping another object" sid="9708572953261606" type="CavePlayer">
                    <param id="0" name="Object">Mirror5</param>
                </condition>
            </conditions>
            <actions />
            <sub-events>
                <event-block sid="5396268227824172">
                    <conditions>
                        <condition id="0" name="On key pressed" sid="2684804744295702" type="Keyboard">
                            <param id="0" name="Key">65 (A)</param>
                        </condition>
                    </conditions>
                    <actions>
                        <action id="-19" name="Rotate counter-clockwise" sid="4897080000398255" type="Mirror5">
                            <param id="0" name="Degrees">15</param>
                        </action>
                    </actions>
                </event-block>
                <event-block sid="2175531820264936">
                    <conditions>
                        <condition id="0" name="On key pressed" sid="2542838360915631" type="Keyboard">
                            <param id="0" name="Key">68 (D)</param>
                        </condition>
                    </conditions>
                    <actions>
                        <action id="-18" name="Rotate clockwise" sid="5221600870933855" type="Mirror5">
                            <param id="0" name="Degrees">15</param>
                        </action>
                    </actions>
                </event-block>
            </sub-events>
        </event-block>
        <event-block sid="7296320677594881">
            <conditions>
                <condition id="1" name="Is overlapping another object" sid="117506703440635" type="CavePlayer">
                    <param id="0" name="Object">Mirror6</param>
                </condition>
            </conditions>
            <actions />
            <sub-events>
                <event-block sid="3436971959916659">
                    <conditions>
                        <condition id="0" name="On key pressed" sid="4411100531291724" type="Keyboard">
                            <param id="0" name="Key">65 (A)</param>
                        </condition>
                    </conditions>
                    <actions>
                        <action id="-19" name="Rotate counter-clockwise" sid="7979335028693573" type="Mirror6">
                            <param id="0" name="Degrees">15</param>
                        </action>
                    </actions>
                </event-block>
                <event-block sid="8126212079173679">
                    <conditions>
                        <condition id="0" name="On key pressed" sid="3329202611137544" type="Keyboard">
                            <param id="0" name="Key">68 (D)</param>
                        </condition>
                    </conditions>
                    <actions>
                        <action id="-18" name="Rotate clockwise" sid="4754365520263771" type="Mirror6">
                            <param id="0" name="Degrees">15</param>
                        </action>
                    </actions>
                </event-block>
            </sub-events>
        </event-block>
        <event-block sid="792975277141691">
            <conditions>
                <condition id="1" name="Is overlapping another object" sid="629069589518692" type="CavePlayer">
                    <param id="0" name="Object">Mirror7</param>
                </condition>
            </conditions>
            <actions />
            <sub-events>
                <event-block sid="3992557598306889">
                    <conditions>
                        <condition id="0" name="On key pressed" sid="730928658886427" type="Keyboard">
                            <param id="0" name="Key">65 (A)</param>
                        </condition>
                    </conditions>
                    <actions>
                        <action id="-19" name="Rotate counter-clockwise" sid="3752648857128513" type="Mirror7">
                            <param id="0" name="Degrees">15</param>
                        </action>
                    </actions>
                </event-block>
                <event-block sid="5925795140470193">
                    <conditions>
                        <condition id="0" name="On key pressed" sid="6667617521313466" type="Keyboard">
                            <param id="0" name="Key">68 (D)</param>
                        </condition>
                    </conditions>
                    <actions>
                        <action id="-18" name="Rotate clockwise" sid="3240748356507479" type="Mirror7">
                            <param id="0" name="Degrees">15</param>
                        </action>
                    </actions>
                </event-block>
            </sub-events>
        </event-block>
        <event-block sid="6026892629714893">
            <conditions>
                <condition id="1" name="Is overlapping another object" sid="2343868898198776" type="CavePlayer">
                    <param id="0" name="Object">Mirror8</param>
                </condition>
            </conditions>
            <actions />
            <sub-events>
                <event-block sid="5263580306426646">
                    <conditions>
                        <condition id="0" name="On key pressed" sid="7508327294825892" type="Keyboard">
                            <param id="0" name="Key">65 (A)</param>
                        </condition>
                    </conditions>
                    <actions>
                        <action id="-19" name="Rotate counter-clockwise" sid="4161179665128272" type="Mirror8">
                            <param id="0" name="Degrees">15</param>
                        </action>
                    </actions>
                </event-block>
                <event-block sid="1447980986178028">
                    <conditions>
                        <condition id="0" name="On key pressed" sid="5695086214510452" type="Keyboard">
                            <param id="0" name="Key">68 (D)</param>
                        </condition>
                    </conditions>
                    <actions>
                        <action id="-18" name="Rotate clockwise" sid="7073206499778602" type="Mirror8">
                            <param id="0" name="Degrees">15</param>
                        </action>
                    </actions>
                </event-block>
            </sub-events>
        </event-block>
        <event-block sid="9190661143710191">
            <conditions>
                <condition id="1" name="Is overlapping another object" sid="893799853095803" type="CavePlayer">
                    <param id="0" name="Object">Mirror9</param>
                </condition>
            </conditions>
            <actions />
            <sub-events>
                <event-block sid="5137153922046636">
                    <conditions>
                        <condition id="0" name="On key pressed" sid="7143920595123404" type="Keyboard">
                            <param id="0" name="Key">65 (A)</param>
                        </condition>
                    </conditions>
                    <actions>
                        <action id="-19" name="Rotate counter-clockwise" sid="3405741812104075" type="Mirror9">
                            <param id="0" name="Degrees">15</param>
                        </action>
                    </actions>
                </event-block>
                <event-block sid="2449467314816474">
                    <conditions>
                        <condition id="0" name="On key pressed" sid="6552800736632507" type="Keyboard">
                            <param id="0" name="Key">68 (D)</param>
                        </condition>
                    </conditions>
                    <actions>
                        <action id="-18" name="Rotate clockwise" sid="120773461641285" type="Mirror9">
                            <param id="0" name="Degrees">15</param>
                        </action>
                    </actions>
                </event-block>
            </sub-events>
        </event-block>
        <event-block sid="8700063261029853">
            <conditions>
                <condition id="1" name="Is overlapping another object" sid="1839453871926181" type="CavePlayer">
                    <param id="0" name="Object">Mirror10</param>
                </condition>
            </conditions>
            <actions />
            <sub-events>
                <event-block sid="6236493407329871">
                    <conditions>
                        <condition id="0" name="On key pressed" sid="6701558923407823" type="Keyboard">
                            <param id="0" name="Key">65 (A)</param>
                        </condition>
                    </conditions>
                    <actions>
                        <action id="-19" name="Rotate counter-clockwise" sid="449720760280176" type="Mirror10">
                            <param id="0" name="Degrees">15</param>
                        </action>
                    </actions>
                </event-block>
                <event-block sid="5913493682379969">
                    <conditions>
                        <condition id="0" name="On key pressed" sid="3051294081743104" type="Keyboard">
                            <param id="0" name="Key">68 (D)</param>
                        </condition>
                    </conditions>
                    <actions>
                        <action id="-18" name="Rotate clockwise" sid="8438266127232759" type="Mirror10">
                            <param id="0" name="Degrees">15</param>
                        </action>
                    </actions>
                </event-block>
            </sub-events>
        </event-block>
        <event-block sid="7744618425155754">
            <conditions>
                <condition id="1" name="Is overlapping another object" sid="788231645528839" type="CavePlayer">
                    <param id="0" name="Object">Mirror11</param>
                </condition>
            </conditions>
            <actions />
            <sub-events>
                <event-block sid="1594656505366565">
                    <conditions>
                        <condition id="0" name="On key pressed" sid="917428420353522" type="Keyboard">
                            <param id="0" name="Key">65 (A)</param>
                        </condition>
                    </conditions>
                    <actions>
                        <action id="-19" name="Rotate counter-clockwise" sid="8119240429123015" type="Mirror11">
                            <param id="0" name="Degrees">15</param>
                        </action>
                    </actions>
                </event-block>
                <event-block sid="8405748426863983">
                    <conditions>
                        <condition id="0" name="On key pressed" sid="1410683980576567" type="Keyboard">
                            <param id="0" name="Key">68 (D)</param>
                        </condition>
                    </conditions>
                    <actions>
                        <action id="-18" name="Rotate clockwise" sid="634224200437031" type="Mirror11">
                            <param id="0" name="Degrees">15</param>
                        </action>
                    </actions>
                </event-block>
            </sub-events>
        </event-block>
        <event-block sid="9631128100000849">
            <conditions>
                <condition id="1" name="Is overlapping another object" sid="7163849032281575" type="CavePlayer">
                    <param id="0" name="Object">Mirror12</param>
                </condition>
            </conditions>
            <actions />
            <sub-events>
                <event-block sid="9079035847950035">
                    <conditions>
                        <condition id="0" name="On key pressed" sid="3324871965336198" type="Keyboard">
                            <param id="0" name="Key">65 (A)</param>
                        </condition>
                    </conditions>
                    <actions>
                        <action id="-19" name="Rotate counter-clockwise" sid="6595430648635571" type="Mirror12">
                            <param id="0" name="Degrees">15</param>
                        </action>
                    </actions>
                </event-block>
                <event-block sid="2336802975789267">
                    <conditions>
                        <condition id="0" name="On key pressed" sid="2802076576244215" type="Keyboard">
                            <param id="0" name="Key">68 (D)</param>
                        </condition>
                    </conditions>
                    <actions>
                        <action id="-18" name="Rotate clockwise" sid="8982965696341579" type="Mirror12">
                            <param id="0" name="Degrees">15</param>
                        </action>
                    </actions>
                </event-block>
            </sub-events>
        </event-block>
        <event-block sid="1523801724169555">
            <conditions>
                <condition id="1" name="Is overlapping another object" sid="8426903914849973" type="CavePlayer">
                    <param id="0" name="Object">CubeBase</param>
                </condition>
            </conditions>
            <actions />
            <sub-events>
                <event-block sid="3818283487374073">
                    <conditions>
                        <condition id="2" name="Key is down" sid="439146494137148" type="Keyboard">
                            <param id="0" name="Key">83 (S)</param>
                        </condition>
                    </conditions>
                    <actions>
                        <action id="-3" name="Set position" sid="5417456740538312" type="CubeBase">
                            <param id="0" name="X">CavePlayer.X</param>
                            <param id="1" name="Y">CavePlayer.Y+15</param>
                        </action>
                    </actions>
                </event-block>
            </sub-events>
        </event-block>
        <event-block sid="8136170433423834">
            <conditions>
                <condition id="1" name="Is overlapping another object" sid="3169432158438035" type="CavePlayer">
                    <param id="0" name="Object">MirrorCube</param>
                </condition>
            </conditions>
            <actions />
            <sub-events>
                <event-block sid="4932889879818392">
                    <conditions>
                        <condition id="0" name="On key pressed" sid="3362196021458573" type="Keyboard">
                            <param id="0" name="Key">65 (A)</param>
                        </condition>
                    </conditions>
                    <actions>
                        <action id="-19" name="Rotate counter-clockwise" sid="3264278082559755" type="MirrorCube">
                            <param id="0" name="Degrees">45</param>
                        </action>
                    </actions>
                </event-block>
                <event-block sid="2350374398888632">
                    <conditions>
                        <condition id="0" name="On key pressed" sid="8736544150447468" type="Keyboard">
                            <param id="0" name="Key">68 (D)</param>
                        </condition>
                    </conditions>
                    <actions>
                        <action id="-18" name="Rotate clockwise" sid="5282515971546527" type="MirrorCube">
                            <param id="0" name="Degrees">45</param>
                        </action>
                    </actions>
                </event-block>
            </sub-events>
        </event-block>
        <event-block sid="113435190835528">
            <conditions>
                <condition id="-1" name="Every tick" sid="8585777250729667" type="System" />
            </conditions>
            <actions>
                <action id="-25" name="Move to bottom" sid="6209378889730906" type="CaveBackground" />
            </actions>
        </event-block>
        <event-block sid="2154288536315423">
            <conditions>
                <condition id="-1" name="Every tick" sid="8742169155756366" type="System" />
            </conditions>
            <actions>
                <action id="-3" name="Set position" sid="822741561593985" type="MirrorCube">
                    <param id="0" name="X">CubeBase.X</param>
                    <param id="1" name="Y">CubeBase.Y-34</param>
                </action>
            </actions>
        </event-block>
    </events>
</c2eventsheet>
