﻿<?xml version="1.0" encoding="utf-8" ?>
<c2eventsheet>
    <!--All the 'name' attributes are ignored by Construct 2 - they are there for readability only.-->
    <name>Cave 2 Events</name>
    <events>
        <variable constant="0" name="Cave2Goal" sid="8160073162054638" static="0" type="number">0</variable>
        <variable constant="0" name="Cave2Complete" sid="2687145720673348" static="0" type="number">0</variable>
        <event-block sid="5926167208978005">
            <conditions>
                <condition id="-2" name="On start of layout" sid="3047533535274246" type="System" />
            </conditions>
            <actions>
                <action id="2" name="Stop" sid="3745318481341809" type="CavePlayer" />
                <action id="2" name="Stop" sid="6824805566243608" type="LaserGoal" />
            </actions>
        </event-block>
        <event-block sid="6813501940283587">
            <conditions>
                <condition id="0" name="On key pressed" sid="15591985912176" type="Keyboard">
                    <param id="0" name="Key">27 (Esc)</param>
                </condition>
            </conditions>
            <actions>
                <action id="-2" name="Go to layout" sid="3508413620956997" type="System">
                    <param id="0" name="Layout">Title Screen</param>
                </action>
            </actions>
        </event-block>
        <event-block sid="9008987341992263">
            <conditions>
                <condition id="2" name="Key is down" sid="1376979716228362" type="Keyboard">
                    <param id="0" name="Key">39 (Right arrow)</param>
                </condition>
            </conditions>
            <actions>
                <action id="5" name="Set frame" sid="5158642842512765" type="CavePlayer">
                    <param id="0" name="Frame number">0</param>
                </action>
            </actions>
        </event-block>
        <event-block sid="3193517151127422">
            <conditions>
                <condition id="2" name="Key is down" sid="3618333054179089" type="Keyboard">
                    <param id="0" name="Key">37 (Left arrow)</param>
                </condition>
            </conditions>
            <actions>
                <action id="5" name="Set frame" sid="9720003666092522" type="CavePlayer">
                    <param id="0" name="Frame number">1</param>
                </action>
            </actions>
        </event-block>
        <event-block sid="5365268210528094">
            <conditions>
                <condition id="-8" name="Is boolean instance variable set" sid="5573894159300922" type="LaserStart">
                    <param id="0" name="Instance variable">LaserActive</param>
                </condition>
            </conditions>
            <actions>
                <action id="-3" name="Create object" sid="3375719171439619" type="System">
                    <param id="0" name="Object to create">Laser</param>
                    <param id="1" name="Layer">0</param>
                    <param id="2" name="X">40</param>
                    <param id="3" name="Y">780</param>
                </action>
                <action id="-29" name="Move to object" sid="5672803045390119" type="Laser">
                    <param id="0" name="Where">1</param>
                    <param id="1" name="Object">Ground</param>
                </action>
                <action behavior="Bullet" id="0" name="Set speed" sid="1374879966333291" type="Laser">
                    <param id="0" name="Speed">600</param>
                </action>
                <action id="5" name="Set frame" sid="3013055193908436" type="LaserStart">
                    <param id="0" name="Frame number">1</param>
                </action>
            </actions>
        </event-block>
        <event-block sid="7266527071608258">
            <conditions>
                <condition id="-8" inverted="1" name="Is boolean instance variable set" sid="841136937399363" type="LaserStart">
                    <param id="0" name="Instance variable">LaserActive</param>
                </condition>
            </conditions>
            <actions>
                <action id="5" name="Set frame" sid="3308326238783798" type="LaserStart">
                    <param id="0" name="Frame number">0</param>
                </action>
            </actions>
        </event-block>
        <event-block sid="7909396595512823">
            <conditions>
                <condition id="1" name="Is overlapping another object" sid="3115674710718505" type="Laser">
                    <param id="0" name="Object">Lens</param>
                </condition>
            </conditions>
            <actions>
                <action behavior="Bullet" id="3" name="Set angle of motion" sid="896144558621867" type="Laser">
                    <param id="0" name="Angle">Lens.Angle</param>
                </action>
            </actions>
        </event-block>
        <event-block sid="9207537953945096">
            <conditions>
                <condition id="0" name="On collision with another object" sid="5256847181780791" type="Laser">
                    <param id="0" name="Object">Ground</param>
                </condition>
            </conditions>
            <actions>
                <action id="-9" name="Destroy" sid="8349671855340442" type="Laser" />
            </actions>
        </event-block>
        <event-block sid="1366025772029823">
            <conditions>
                <condition id="0" name="On collision with another object" sid="4574289136374183" type="Laser">
                    <param id="0" name="Object">CatwalkBackground</param>
                </condition>
            </conditions>
            <actions>
                <action id="-9" name="Destroy" sid="5499903534330008" type="Laser" />
            </actions>
        </event-block>
        <event-block sid="35593674120966">
            <conditions>
                <condition id="1" name="Is overlapping another object" sid="7177223757040615" type="Laser">
                    <param id="0" name="Object">Lens2</param>
                </condition>
            </conditions>
            <actions>
                <action id="-8" name="Set angle" sid="7184472129996436" type="Laser">
                    <param id="0" name="Angle">Lens2.Angle</param>
                </action>
            </actions>
        </event-block>
        <event-block sid="9526137034529145">
            <conditions>
                <condition id="1" name="Is overlapping another object" sid="12657051267384" type="CavePlayer">
                    <param id="0" name="Object">Switch</param>
                </condition>
            </conditions>
            <actions />
            <sub-events>
                <event-block sid="5603031936061512">
                    <conditions>
                        <condition id="0" name="On key pressed" sid="4026920481319154" type="Keyboard">
                            <param id="0" name="Key">65 (A)</param>
                        </condition>
                    </conditions>
                    <actions>
                        <action id="-19" name="Rotate counter-clockwise" sid="784675273067389" type="Lens2">
                            <param id="0" name="Degrees">15</param>
                        </action>
                    </actions>
                </event-block>
                <event-block sid="1351737222616195">
                    <conditions>
                        <condition id="0" name="On key pressed" sid="4208651160437504" type="Keyboard">
                            <param id="0" name="Key">68 (D)</param>
                        </condition>
                    </conditions>
                    <actions>
                        <action id="-18" name="Rotate clockwise" sid="2881240617555861" type="Lens2">
                            <param id="0" name="Degrees">15</param>
                        </action>
                    </actions>
                </event-block>
            </sub-events>
        </event-block>
        <event-block sid="662787630247957">
            <conditions>
                <condition id="0" name="On collision with another object" sid="5735736526478038" type="Laser">
                    <param id="0" name="Object">LaserGoal</param>
                </condition>
            </conditions>
            <actions>
                <action id="-9" name="Destroy" sid="5038004658243465" type="Laser" />
                <action id="5" name="Set frame" sid="4104696398282916" type="LaserGoal">
                    <param id="0" name="Frame number">1</param>
                </action>
                <action id="-9" name="Set value" sid="4968795172649635" type="System">
                    <param id="0" name="Variable">Cave2Complete</param>
                    <param id="1" name="Value">1</param>
                </action>
            </actions>
        </event-block>
        <event-block sid="320125804696142">
            <conditions>
                <condition id="1" name="Is overlapping another object" sid="3527604846769118" type="CavePlayer">
                    <param id="0" name="Object">LaserStart</param>
                </condition>
            </conditions>
            <actions />
            <sub-events>
                <event-block sid="7957780261825602">
                    <conditions>
                        <condition id="0" name="On key pressed" sid="8883144555398" type="Keyboard">
                            <param id="0" name="Key">83 (S)</param>
                        </condition>
                    </conditions>
                    <actions>
                        <action id="-14" name="Toggle boolean" sid="495469156215954" type="LaserStart">
                            <param id="0" name="Instance variable">LaserActive</param>
                        </action>
                    </actions>
                </event-block>
            </sub-events>
        </event-block>
        <event-block sid="6060797169632883">
            <conditions>
                <condition id="1" name="Is overlapping another object" sid="9218294724718812" type="CavePlayer">
                    <param id="0" name="Object">Cave1Exit</param>
                </condition>
            </conditions>
            <actions />
            <sub-events>
                <event-block sid="6706344742800209">
                    <conditions>
                        <condition id="0" name="On key pressed" sid="9100772237001873" type="Keyboard">
                            <param id="0" name="Key">83 (S)</param>
                        </condition>
                    </conditions>
                    <actions>
                        <action id="-2" name="Go to layout" sid="2599591759017424" type="System">
                            <param id="0" name="Layout">Main Level</param>
                        </action>
                    </actions>
                </event-block>
            </sub-events>
        </event-block>
        <event-block sid="6993152856469936">
            <conditions>
                <condition id="0" name="On collision with another object" sid="8769679758170012" type="Laser">
                    <param id="0" name="Object">Mirror</param>
                </condition>
            </conditions>
            <actions>
                <action behavior="Bullet" id="4" name="Bounce off object" sid="9724597635029279" type="Laser">
                    <param id="0" name="Object">Mirror</param>
                </action>
            </actions>
        </event-block>
        <event-block sid="4703990170096579">
            <conditions>
                <condition id="0" name="On collision with another object" sid="6358521078686643" type="Laser">
                    <param id="0" name="Object">Mirror2</param>
                </condition>
            </conditions>
            <actions>
                <action behavior="Bullet" id="4" name="Bounce off object" sid="4654210498020741" type="Laser">
                    <param id="0" name="Object">Mirror2</param>
                </action>
            </actions>
        </event-block>
        <event-block sid="3405877623318743">
            <conditions>
                <condition id="0" name="On collision with another object" sid="619226810356004" type="Laser">
                    <param id="0" name="Object">Mirror3</param>
                </condition>
            </conditions>
            <actions>
                <action behavior="Bullet" id="4" name="Bounce off object" sid="492431062018013" type="Laser">
                    <param id="0" name="Object">Mirror3</param>
                </action>
            </actions>
        </event-block>
        <event-block sid="7379269230764351">
            <conditions>
                <condition id="0" name="On collision with another object" sid="7335765125633738" type="Laser">
                    <param id="0" name="Object">Mirror4</param>
                </condition>
            </conditions>
            <actions>
                <action behavior="Bullet" id="4" name="Bounce off object" sid="2700233171079017" type="Laser">
                    <param id="0" name="Object">Mirror4</param>
                </action>
            </actions>
        </event-block>
        <event-block sid="6775064897788127">
            <conditions>
                <condition id="0" name="On collision with another object" sid="8555971771065293" type="Laser">
                    <param id="0" name="Object">Mirror5</param>
                </condition>
            </conditions>
            <actions>
                <action behavior="Bullet" id="4" name="Bounce off object" sid="8118843215247027" type="Laser">
                    <param id="0" name="Object">Mirror5</param>
                </action>
            </actions>
        </event-block>
        <event-block sid="6719985348400466">
            <conditions>
                <condition id="0" name="On collision with another object" sid="743680171638305" type="Laser">
                    <param id="0" name="Object">Mirror6</param>
                </condition>
            </conditions>
            <actions>
                <action behavior="Bullet" id="4" name="Bounce off object" sid="3488832121219522" type="Laser">
                    <param id="0" name="Object">Mirror6</param>
                </action>
            </actions>
        </event-block>
        <event-block sid="8139452348429948">
            <conditions>
                <condition id="0" name="On collision with another object" sid="1813945368216203" type="Laser">
                    <param id="0" name="Object">Mirror7</param>
                </condition>
            </conditions>
            <actions>
                <action behavior="Bullet" id="4" name="Bounce off object" sid="60493019205913" type="Laser">
                    <param id="0" name="Object">Mirror7</param>
                </action>
            </actions>
        </event-block>
        <event-block sid="2874171158833958">
            <conditions>
                <condition id="0" name="On collision with another object" sid="5169230778883671" type="Laser">
                    <param id="0" name="Object">Mirror8</param>
                </condition>
            </conditions>
            <actions>
                <action behavior="Bullet" id="4" name="Bounce off object" sid="4833810018162678" type="Laser">
                    <param id="0" name="Object">Mirror8</param>
                </action>
            </actions>
        </event-block>
        <event-block sid="9561664162898705">
            <conditions>
                <condition id="0" name="On collision with another object" sid="5713752025028077" type="Laser">
                    <param id="0" name="Object">Mirror9</param>
                </condition>
            </conditions>
            <actions>
                <action behavior="Bullet" id="4" name="Bounce off object" sid="2391045244524782" type="Laser">
                    <param id="0" name="Object">Mirror9</param>
                </action>
            </actions>
        </event-block>
        <event-block sid="8433955958228108">
            <conditions>
                <condition id="0" name="On collision with another object" sid="9786403098358965" type="Laser">
                    <param id="0" name="Object">Mirror10</param>
                </condition>
            </conditions>
            <actions>
                <action behavior="Bullet" id="4" name="Bounce off object" sid="1340210256115273" type="Laser">
                    <param id="0" name="Object">Mirror10</param>
                </action>
            </actions>
        </event-block>
        <event-block sid="315801095209415">
            <conditions>
                <condition id="0" name="On collision with another object" sid="1168066706875455" type="Laser">
                    <param id="0" name="Object">Mirror11</param>
                </condition>
            </conditions>
            <actions>
                <action behavior="Bullet" id="4" name="Bounce off object" sid="9516258520209337" type="Laser">
                    <param id="0" name="Object">Mirror11</param>
                </action>
            </actions>
        </event-block>
        <event-block sid="3977198580533407">
            <conditions>
                <condition id="0" name="On collision with another object" sid="8658949389464051" type="Laser">
                    <param id="0" name="Object">Mirror12</param>
                </condition>
            </conditions>
            <actions>
                <action behavior="Bullet" id="4" name="Bounce off object" sid="9336932642105395" type="Laser">
                    <param id="0" name="Object">Mirror12</param>
                </action>
            </actions>
        </event-block>
        <event-block sid="4711791738131507">
            <conditions>
                <condition id="0" name="On collision with another object" sid="4601496739133628" type="Laser">
                    <param id="0" name="Object">MirrorCube</param>
                </condition>
            </conditions>
            <actions>
                <action behavior="Bullet" id="4" name="Bounce off object" sid="4707025360877916" type="Laser">
                    <param id="0" name="Object">MirrorCube</param>
                </action>
            </actions>
        </event-block>
        <event-block sid="5718853380386037">
            <conditions>
                <condition id="1" name="Is overlapping another object" sid="8926855918247147" type="CavePlayer">
                    <param id="0" name="Object">Mirror</param>
                </condition>
            </conditions>
            <actions />
            <sub-events>
                <event-block sid="7530946233890416">
                    <conditions>
                        <condition id="0" name="On key pressed" sid="7111587891339069" type="Keyboard">
                            <param id="0" name="Key">65 (A)</param>
                        </condition>
                    </conditions>
                    <actions>
                        <action id="-19" name="Rotate counter-clockwise" sid="2693793819632114" type="Mirror">
                            <param id="0" name="Degrees">15</param>
                        </action>
                    </actions>
                </event-block>
                <event-block sid="2918455989059512">
                    <conditions>
                        <condition id="0" name="On key pressed" sid="9275549709483166" type="Keyboard">
                            <param id="0" name="Key">68 (D)</param>
                        </condition>
                    </conditions>
                    <actions>
                        <action id="-18" name="Rotate clockwise" sid="5719202640755589" type="Mirror">
                            <param id="0" name="Degrees">15</param>
                        </action>
                    </actions>
                </event-block>
            </sub-events>
        </event-block>
        <event-block sid="2365433670313028">
            <conditions>
                <condition id="1" name="Is overlapping another object" sid="9509768538499594" type="CavePlayer">
                    <param id="0" name="Object">Mirror2</param>
                </condition>
            </conditions>
            <actions />
            <sub-events>
                <event-block sid="3079225005393028">
                    <conditions>
                        <condition id="0" name="On key pressed" sid="9822154437346609" type="Keyboard">
                            <param id="0" name="Key">65 (A)</param>
                        </condition>
                    </conditions>
                    <actions>
                        <action id="-19" name="Rotate counter-clockwise" sid="1500488041912033" type="Mirror2">
                            <param id="0" name="Degrees">15</param>
                        </action>
                    </actions>
                </event-block>
                <event-block sid="6435770434876418">
                    <conditions>
                        <condition id="0" name="On key pressed" sid="6083601266946695" type="Keyboard">
                            <param id="0" name="Key">68 (D)</param>
                        </condition>
                    </conditions>
                    <actions>
                        <action id="-18" name="Rotate clockwise" sid="7630789646095643" type="Mirror2">
                            <param id="0" name="Degrees">15</param>
                        </action>
                    </actions>
                </event-block>
            </sub-events>
        </event-block>
        <event-block sid="6643506489416818">
            <conditions>
                <condition id="1" name="Is overlapping another object" sid="9212850355826009" type="CavePlayer">
                    <param id="0" name="Object">Mirror3</param>
                </condition>
            </conditions>
            <actions />
            <sub-events>
                <event-block sid="7185023751742448">
                    <conditions>
                        <condition id="0" name="On key pressed" sid="5733209698053745" type="Keyboard">
                            <param id="0" name="Key">65 (A)</param>
                        </condition>
                    </conditions>
                    <actions>
                        <action id="-19" name="Rotate counter-clockwise" sid="4724936396743035" type="Mirror3">
                            <param id="0" name="Degrees">15</param>
                        </action>
                    </actions>
                </event-block>
                <event-block sid="9965093592669863">
                    <conditions>
                        <condition id="0" name="On key pressed" sid="8411627283105849" type="Keyboard">
                            <param id="0" name="Key">68 (D)</param>
                        </condition>
                    </conditions>
                    <actions>
                        <action id="-18" name="Rotate clockwise" sid="2673860284980033" type="Mirror3">
                            <param id="0" name="Degrees">15</param>
                        </action>
                    </actions>
                </event-block>
            </sub-events>
        </event-block>
        <event-block sid="6584844678866407">
            <conditions>
                <condition id="1" name="Is overlapping another object" sid="1824864387610493" type="CavePlayer">
                    <param id="0" name="Object">Mirror4</param>
                </condition>
            </conditions>
            <actions />
            <sub-events>
                <event-block sid="8757671443900974">
                    <conditions>
                        <condition id="0" name="On key pressed" sid="3136219871606363" type="Keyboard">
                            <param id="0" name="Key">65 (A)</param>
                        </condition>
                    </conditions>
                    <actions>
                        <action id="-19" name="Rotate counter-clockwise" sid="8563768869477557" type="Mirror4">
                            <param id="0" name="Degrees">15</param>
                        </action>
                    </actions>
                </event-block>
                <event-block sid="1462329958482353">
                    <conditions>
                        <condition id="0" name="On key pressed" sid="2538480511916951" type="Keyboard">
                            <param id="0" name="Key">68 (D)</param>
                        </condition>
                    </conditions>
                    <actions>
                        <action id="-18" name="Rotate clockwise" sid="2783181155731675" type="Mirror4">
                            <param id="0" name="Degrees">15</param>
                        </action>
                    </actions>
                </event-block>
            </sub-events>
        </event-block>
        <event-block sid="1585011142605471">
            <conditions>
                <condition id="1" name="Is overlapping another object" sid="7448734816083485" type="CavePlayer">
                    <param id="0" name="Object">Mirror5</param>
                </condition>
            </conditions>
            <actions />
            <sub-events>
                <event-block sid="7381842607077121">
                    <conditions>
                        <condition id="0" name="On key pressed" sid="8446664336880537" type="Keyboard">
                            <param id="0" name="Key">65 (A)</param>
                        </condition>
                    </conditions>
                    <actions>
                        <action id="-19" name="Rotate counter-clockwise" sid="8138991241576289" type="Mirror5">
                            <param id="0" name="Degrees">15</param>
                        </action>
                    </actions>
                </event-block>
                <event-block sid="5729622214051142">
                    <conditions>
                        <condition id="0" name="On key pressed" sid="4872396318742866" type="Keyboard">
                            <param id="0" name="Key">68 (D)</param>
                        </condition>
                    </conditions>
                    <actions>
                        <action id="-18" name="Rotate clockwise" sid="5858446700471429" type="Mirror5">
                            <param id="0" name="Degrees">15</param>
                        </action>
                    </actions>
                </event-block>
            </sub-events>
        </event-block>
        <event-block sid="8742130925700336">
            <conditions>
                <condition id="1" name="Is overlapping another object" sid="7218407824978878" type="CavePlayer">
                    <param id="0" name="Object">Mirror6</param>
                </condition>
            </conditions>
            <actions />
            <sub-events>
                <event-block sid="1956518659806934">
                    <conditions>
                        <condition id="0" name="On key pressed" sid="976315514855701" type="Keyboard">
                            <param id="0" name="Key">65 (A)</param>
                        </condition>
                    </conditions>
                    <actions>
                        <action id="-19" name="Rotate counter-clockwise" sid="9955547523676046" type="Mirror6">
                            <param id="0" name="Degrees">15</param>
                        </action>
                    </actions>
                </event-block>
                <event-block sid="6987092168032422">
                    <conditions>
                        <condition id="0" name="On key pressed" sid="1141730854548907" type="Keyboard">
                            <param id="0" name="Key">68 (D)</param>
                        </condition>
                    </conditions>
                    <actions>
                        <action id="-18" name="Rotate clockwise" sid="3523119788592195" type="Mirror6">
                            <param id="0" name="Degrees">15</param>
                        </action>
                    </actions>
                </event-block>
            </sub-events>
        </event-block>
        <event-block sid="8382095292968908">
            <conditions>
                <condition id="1" name="Is overlapping another object" sid="361237617512412" type="CavePlayer">
                    <param id="0" name="Object">Mirror7</param>
                </condition>
            </conditions>
            <actions />
            <sub-events>
                <event-block sid="521959045533021">
                    <conditions>
                        <condition id="0" name="On key pressed" sid="7038394483729102" type="Keyboard">
                            <param id="0" name="Key">65 (A)</param>
                        </condition>
                    </conditions>
                    <actions>
                        <action id="-19" name="Rotate counter-clockwise" sid="5701122547275281" type="Mirror7">
                            <param id="0" name="Degrees">15</param>
                        </action>
                    </actions>
                </event-block>
                <event-block sid="2118732820055608">
                    <conditions>
                        <condition id="0" name="On key pressed" sid="7126853909214288" type="Keyboard">
                            <param id="0" name="Key">68 (D)</param>
                        </condition>
                    </conditions>
                    <actions>
                        <action id="-18" name="Rotate clockwise" sid="9749807319989981" type="Mirror7">
                            <param id="0" name="Degrees">15</param>
                        </action>
                    </actions>
                </event-block>
            </sub-events>
        </event-block>
        <event-block sid="3568669450182112">
            <conditions>
                <condition id="1" name="Is overlapping another object" sid="8276114898472263" type="CavePlayer">
                    <param id="0" name="Object">Mirror8</param>
                </condition>
            </conditions>
            <actions />
            <sub-events>
                <event-block sid="6479029144387525">
                    <conditions>
                        <condition id="0" name="On key pressed" sid="6415324169652228" type="Keyboard">
                            <param id="0" name="Key">65 (A)</param>
                        </condition>
                    </conditions>
                    <actions>
                        <action id="-19" name="Rotate counter-clockwise" sid="1659497470275641" type="Mirror8">
                            <param id="0" name="Degrees">15</param>
                        </action>
                    </actions>
                </event-block>
                <event-block sid="3486467434484327">
                    <conditions>
                        <condition id="0" name="On key pressed" sid="7617345229635284" type="Keyboard">
                            <param id="0" name="Key">68 (D)</param>
                        </condition>
                    </conditions>
                    <actions>
                        <action id="-18" name="Rotate clockwise" sid="1756421314238991" type="Mirror8">
                            <param id="0" name="Degrees">15</param>
                        </action>
                    </actions>
                </event-block>
            </sub-events>
        </event-block>
        <event-block sid="5036036628692015">
            <conditions>
                <condition id="1" name="Is overlapping another object" sid="390684969232834" type="CavePlayer">
                    <param id="0" name="Object">Mirror9</param>
                </condition>
            </conditions>
            <actions />
            <sub-events>
                <event-block sid="1489317565863873">
                    <conditions>
                        <condition id="0" name="On key pressed" sid="8785417077573734" type="Keyboard">
                            <param id="0" name="Key">65 (A)</param>
                        </condition>
                    </conditions>
                    <actions>
                        <action id="-19" name="Rotate counter-clockwise" sid="9555977599873082" type="Mirror9">
                            <param id="0" name="Degrees">15</param>
                        </action>
                    </actions>
                </event-block>
                <event-block sid="5071498435469788">
                    <conditions>
                        <condition id="0" name="On key pressed" sid="1014435944751434" type="Keyboard">
                            <param id="0" name="Key">68 (D)</param>
                        </condition>
                    </conditions>
                    <actions>
                        <action id="-18" name="Rotate clockwise" sid="4266961523925308" type="Mirror9">
                            <param id="0" name="Degrees">15</param>
                        </action>
                    </actions>
                </event-block>
            </sub-events>
        </event-block>
        <event-block sid="28945057781384">
            <conditions>
                <condition id="1" name="Is overlapping another object" sid="8179817531966437" type="CavePlayer">
                    <param id="0" name="Object">Mirror10</param>
                </condition>
            </conditions>
            <actions />
            <sub-events>
                <event-block sid="3821351899271299">
                    <conditions>
                        <condition id="0" name="On key pressed" sid="5348938103179345" type="Keyboard">
                            <param id="0" name="Key">65 (A)</param>
                        </condition>
                    </conditions>
                    <actions>
                        <action id="-19" name="Rotate counter-clockwise" sid="3482157258904335" type="Mirror10">
                            <param id="0" name="Degrees">15</param>
                        </action>
                    </actions>
                </event-block>
                <event-block sid="205581491395485">
                    <conditions>
                        <condition id="0" name="On key pressed" sid="6617522173247955" type="Keyboard">
                            <param id="0" name="Key">68 (D)</param>
                        </condition>
                    </conditions>
                    <actions>
                        <action id="-18" name="Rotate clockwise" sid="3516807640718583" type="Mirror10">
                            <param id="0" name="Degrees">15</param>
                        </action>
                    </actions>
                </event-block>
            </sub-events>
        </event-block>
        <event-block sid="6012848766787469">
            <conditions>
                <condition id="1" name="Is overlapping another object" sid="3990418787681275" type="CavePlayer">
                    <param id="0" name="Object">Mirror11</param>
                </condition>
            </conditions>
            <actions />
            <sub-events>
                <event-block sid="9240799961448732">
                    <conditions>
                        <condition id="0" name="On key pressed" sid="6411695705156662" type="Keyboard">
                            <param id="0" name="Key">65 (A)</param>
                        </condition>
                    </conditions>
                    <actions>
                        <action id="-19" name="Rotate counter-clockwise" sid="5777466140842448" type="Mirror11">
                            <param id="0" name="Degrees">15</param>
                        </action>
                    </actions>
                </event-block>
                <event-block sid="198102913433795">
                    <conditions>
                        <condition id="0" name="On key pressed" sid="9534606021921513" type="Keyboard">
                            <param id="0" name="Key">68 (D)</param>
                        </condition>
                    </conditions>
                    <actions>
                        <action id="-18" name="Rotate clockwise" sid="4166365737212166" type="Mirror11">
                            <param id="0" name="Degrees">15</param>
                        </action>
                    </actions>
                </event-block>
            </sub-events>
        </event-block>
        <event-block sid="8837350578301142">
            <conditions>
                <condition id="1" name="Is overlapping another object" sid="9593606480453436" type="CavePlayer">
                    <param id="0" name="Object">Mirror12</param>
                </condition>
            </conditions>
            <actions />
            <sub-events>
                <event-block sid="8566741314274638">
                    <conditions>
                        <condition id="0" name="On key pressed" sid="9698394643900274" type="Keyboard">
                            <param id="0" name="Key">65 (A)</param>
                        </condition>
                    </conditions>
                    <actions>
                        <action id="-19" name="Rotate counter-clockwise" sid="2233246244085798" type="Mirror12">
                            <param id="0" name="Degrees">15</param>
                        </action>
                    </actions>
                </event-block>
                <event-block sid="2367413488771646">
                    <conditions>
                        <condition id="0" name="On key pressed" sid="8214338454751661" type="Keyboard">
                            <param id="0" name="Key">68 (D)</param>
                        </condition>
                    </conditions>
                    <actions>
                        <action id="-18" name="Rotate clockwise" sid="2786777817895495" type="Mirror12">
                            <param id="0" name="Degrees">15</param>
                        </action>
                    </actions>
                </event-block>
            </sub-events>
        </event-block>
        <event-block sid="7975219024301904">
            <conditions>
                <condition id="1" name="Is overlapping another object" sid="7241768740121111" type="CavePlayer">
                    <param id="0" name="Object">CubeBase</param>
                </condition>
            </conditions>
            <actions />
            <sub-events>
                <event-block sid="9522786779780191">
                    <conditions>
                        <condition id="2" name="Key is down" sid="8700649953116117" type="Keyboard">
                            <param id="0" name="Key">83 (S)</param>
                        </condition>
                    </conditions>
                    <actions>
                        <action id="-3" name="Set position" sid="3964640687090445" type="CubeBase">
                            <param id="0" name="X">CavePlayer.X</param>
                            <param id="1" name="Y">CavePlayer.Y+15</param>
                        </action>
                    </actions>
                </event-block>
            </sub-events>
        </event-block>
        <event-block sid="5284445866652417">
            <conditions>
                <condition id="1" name="Is overlapping another object" sid="5338964264978321" type="CavePlayer">
                    <param id="0" name="Object">MirrorCube</param>
                </condition>
            </conditions>
            <actions />
            <sub-events>
                <event-block sid="9727435203781968">
                    <conditions>
                        <condition id="0" name="On key pressed" sid="7518020674079771" type="Keyboard">
                            <param id="0" name="Key">65 (A)</param>
                        </condition>
                    </conditions>
                    <actions>
                        <action id="-19" name="Rotate counter-clockwise" sid="9584067777219655" type="MirrorCube">
                            <param id="0" name="Degrees">45</param>
                        </action>
                    </actions>
                </event-block>
                <event-block sid="962170800815044">
                    <conditions>
                        <condition id="0" name="On key pressed" sid="6614802597773947" type="Keyboard">
                            <param id="0" name="Key">68 (D)</param>
                        </condition>
                    </conditions>
                    <actions>
                        <action id="-18" name="Rotate clockwise" sid="5526848753246131" type="MirrorCube">
                            <param id="0" name="Degrees">45</param>
                        </action>
                    </actions>
                </event-block>
            </sub-events>
        </event-block>
        <event-block sid="1450965037227717">
            <conditions>
                <condition id="-1" name="Every tick" sid="990368960425342" type="System" />
            </conditions>
            <actions>
                <action id="-25" name="Move to bottom" sid="8119596556026691" type="CaveBackground" />
            </actions>
        </event-block>
        <event-block sid="1523815460834226">
            <conditions>
                <condition id="-1" name="Every tick" sid="854365831469282" type="System" />
            </conditions>
            <actions>
                <action id="-3" name="Set position" sid="4504030260462241" type="MirrorCube">
                    <param id="0" name="X">CubeBase.X</param>
                    <param id="1" name="Y">CubeBase.Y-34</param>
                </action>
            </actions>
        </event-block>
    </events>
</c2eventsheet>
