﻿<?xml version="1.0" encoding="utf-8" ?>
<c2eventsheet>
    <!--All the 'name' attributes are ignored by Construct 2 - they are there for readability only.-->
    <name>Cave 3 Events</name>
    <events>
        <variable constant="0" name="Cave3Complete" sid="2719260401347879" static="0" type="number">0</variable>
        <event-block sid="6210241254285461">
            <conditions>
                <condition id="-2" name="On start of layout" sid="3520846156051429" type="System" />
            </conditions>
            <actions>
                <action id="2" name="Stop" sid="5403926373610693" type="CavePlayer" />
                <action id="2" name="Stop" sid="7723534926401049" type="LaserGoal" />
            </actions>
        </event-block>
        <event-block sid="262917245990571">
            <conditions>
                <condition id="0" name="On key pressed" sid="2888409755972437" type="Keyboard">
                    <param id="0" name="Key">27 (Esc)</param>
                </condition>
            </conditions>
            <actions>
                <action id="-2" name="Go to layout" sid="2975463433118456" type="System">
                    <param id="0" name="Layout">Title Screen</param>
                </action>
            </actions>
        </event-block>
        <event-block sid="32943131290401">
            <conditions>
                <condition id="2" name="Key is down" sid="2849073642428129" type="Keyboard">
                    <param id="0" name="Key">39 (Right arrow)</param>
                </condition>
            </conditions>
            <actions>
                <action id="5" name="Set frame" sid="4854830053311355" type="CavePlayer">
                    <param id="0" name="Frame number">0</param>
                </action>
            </actions>
        </event-block>
        <event-block sid="3914469415540576">
            <conditions>
                <condition id="2" name="Key is down" sid="8858109774741775" type="Keyboard">
                    <param id="0" name="Key">37 (Left arrow)</param>
                </condition>
            </conditions>
            <actions>
                <action id="5" name="Set frame" sid="4195067987973517" type="CavePlayer">
                    <param id="0" name="Frame number">1</param>
                </action>
            </actions>
        </event-block>
        <event-block sid="7718148048352998">
            <conditions>
                <condition id="-8" name="Is boolean instance variable set" sid="6556012672657344" type="LaserStart">
                    <param id="0" name="Instance variable">LaserActive</param>
                </condition>
            </conditions>
            <actions>
                <action id="-3" name="Create object" sid="8699378164292266" type="System">
                    <param id="0" name="Object to create">Laser</param>
                    <param id="1" name="Layer">0</param>
                    <param id="2" name="X">85</param>
                    <param id="3" name="Y">805</param>
                </action>
                <action id="-29" name="Move to object" sid="2978187650444952" type="Laser">
                    <param id="0" name="Where">1</param>
                    <param id="1" name="Object">Ground</param>
                </action>
                <action behavior="Bullet" id="0" name="Set speed" sid="1497733237037884" type="Laser">
                    <param id="0" name="Speed">600</param>
                </action>
                <action id="5" name="Set frame" sid="2459114772530265" type="LaserStart">
                    <param id="0" name="Frame number">1</param>
                </action>
            </actions>
        </event-block>
        <event-block sid="9096536965993352">
            <conditions>
                <condition id="-8" inverted="1" name="Is boolean instance variable set" sid="7797936741309633" type="LaserStart">
                    <param id="0" name="Instance variable">LaserActive</param>
                </condition>
            </conditions>
            <actions>
                <action id="5" name="Set frame" sid="9657783053295185" type="LaserStart">
                    <param id="0" name="Frame number">0</param>
                </action>
            </actions>
        </event-block>
        <event-block sid="5750891144790212">
            <conditions>
                <condition id="0" name="On collision with another object" sid="799917244305292" type="Laser">
                    <param id="0" name="Object">Ground</param>
                </condition>
            </conditions>
            <actions>
                <action id="-9" name="Destroy" sid="375937615344735" type="Laser" />
            </actions>
        </event-block>
        <event-block sid="2598179740396814">
            <conditions>
                <condition id="0" name="On collision with another object" sid="6958359364122638" type="Laser">
                    <param id="0" name="Object">CatwalkBackground</param>
                </condition>
            </conditions>
            <actions>
                <action id="-9" name="Destroy" sid="9356566218310753" type="Laser" />
            </actions>
        </event-block>
        <event-block sid="948361229307685">
            <conditions>
                <condition id="1" name="Is overlapping another object" sid="2692828572726311" type="Laser">
                    <param id="0" name="Object">Lens2</param>
                </condition>
            </conditions>
            <actions>
                <action id="-8" name="Set angle" sid="4002873273849672" type="Laser">
                    <param id="0" name="Angle">Lens2.Angle</param>
                </action>
            </actions>
        </event-block>
        <event-block sid="4595051116195777">
            <conditions>
                <condition id="1" name="Is overlapping another object" sid="861194792148536" type="CavePlayer">
                    <param id="0" name="Object">Switch</param>
                </condition>
            </conditions>
            <actions />
            <sub-events>
                <event-block sid="6742152337839373">
                    <conditions>
                        <condition id="0" name="On key pressed" sid="5248068073935014" type="Keyboard">
                            <param id="0" name="Key">65 (A)</param>
                        </condition>
                    </conditions>
                    <actions>
                        <action id="-19" name="Rotate counter-clockwise" sid="7236884283321324" type="Lens2">
                            <param id="0" name="Degrees">15</param>
                        </action>
                    </actions>
                </event-block>
                <event-block sid="7229239224692685">
                    <conditions>
                        <condition id="0" name="On key pressed" sid="2628040304182041" type="Keyboard">
                            <param id="0" name="Key">68 (D)</param>
                        </condition>
                    </conditions>
                    <actions>
                        <action id="-18" name="Rotate clockwise" sid="7840442784685745" type="Lens2">
                            <param id="0" name="Degrees">15</param>
                        </action>
                    </actions>
                </event-block>
            </sub-events>
        </event-block>
        <event-block sid="8737865297378653">
            <conditions>
                <condition id="0" name="On collision with another object" sid="1118416284444314" type="Laser">
                    <param id="0" name="Object">LaserGoal</param>
                </condition>
            </conditions>
            <actions>
                <action id="-9" name="Destroy" sid="8619428814693979" type="Laser" />
                <action id="5" name="Set frame" sid="5217903432982322" type="LaserGoal">
                    <param id="0" name="Frame number">1</param>
                </action>
                <action id="-9" name="Set value" sid="9231522023055332" type="System">
                    <param id="0" name="Variable">Cave3Complete</param>
                    <param id="1" name="Value">1</param>
                </action>
            </actions>
        </event-block>
        <event-block sid="5331089069135743">
            <conditions>
                <condition id="1" name="Is overlapping another object" sid="144118278632219" type="CavePlayer">
                    <param id="0" name="Object">LaserStart</param>
                </condition>
            </conditions>
            <actions />
            <sub-events>
                <event-block sid="8417506176720003">
                    <conditions>
                        <condition id="0" name="On key pressed" sid="5655328203554237" type="Keyboard">
                            <param id="0" name="Key">83 (S)</param>
                        </condition>
                    </conditions>
                    <actions>
                        <action id="-14" name="Toggle boolean" sid="8599644751448615" type="LaserStart">
                            <param id="0" name="Instance variable">LaserActive</param>
                        </action>
                    </actions>
                </event-block>
            </sub-events>
        </event-block>
        <event-block sid="7899914995989918">
            <conditions>
                <condition id="1" name="Is overlapping another object" sid="4013081562741778" type="CavePlayer">
                    <param id="0" name="Object">Cave1Exit</param>
                </condition>
            </conditions>
            <actions />
            <sub-events>
                <event-block sid="7565945484705155">
                    <conditions>
                        <condition id="0" name="On key pressed" sid="813845893725533" type="Keyboard">
                            <param id="0" name="Key">83 (S)</param>
                        </condition>
                    </conditions>
                    <actions>
                        <action id="-2" name="Go to layout" sid="4092620902086205" type="System">
                            <param id="0" name="Layout">Main Level</param>
                        </action>
                    </actions>
                </event-block>
            </sub-events>
        </event-block>
        <event-block sid="789912101244004">
            <conditions>
                <condition id="0" name="On collision with another object" sid="8556833906184267" type="Laser">
                    <param id="0" name="Object">Mirror</param>
                </condition>
            </conditions>
            <actions>
                <action behavior="Bullet" id="4" name="Bounce off object" sid="9056995528934327" type="Laser">
                    <param id="0" name="Object">Mirror</param>
                </action>
            </actions>
        </event-block>
        <event-block sid="6849105361745625">
            <conditions>
                <condition id="0" name="On collision with another object" sid="7088545191548605" type="Laser">
                    <param id="0" name="Object">Mirror2</param>
                </condition>
            </conditions>
            <actions>
                <action behavior="Bullet" id="4" name="Bounce off object" sid="9317444244104087" type="Laser">
                    <param id="0" name="Object">Mirror2</param>
                </action>
            </actions>
        </event-block>
        <event-block sid="387779378507437">
            <conditions>
                <condition id="0" name="On collision with another object" sid="5892051519346513" type="Laser">
                    <param id="0" name="Object">Mirror3</param>
                </condition>
            </conditions>
            <actions>
                <action behavior="Bullet" id="4" name="Bounce off object" sid="9794553046812261" type="Laser">
                    <param id="0" name="Object">Mirror3</param>
                </action>
            </actions>
        </event-block>
        <event-block sid="3806184938603996">
            <conditions>
                <condition id="0" name="On collision with another object" sid="7804546550635447" type="Laser">
                    <param id="0" name="Object">Mirror4</param>
                </condition>
            </conditions>
            <actions>
                <action behavior="Bullet" id="4" name="Bounce off object" sid="4652422842694555" type="Laser">
                    <param id="0" name="Object">Mirror4</param>
                </action>
            </actions>
        </event-block>
        <event-block sid="8193217660351222">
            <conditions>
                <condition id="0" name="On collision with another object" sid="6883832855794265" type="Laser">
                    <param id="0" name="Object">Mirror5</param>
                </condition>
            </conditions>
            <actions>
                <action behavior="Bullet" id="4" name="Bounce off object" sid="1948148733838058" type="Laser">
                    <param id="0" name="Object">Mirror5</param>
                </action>
            </actions>
        </event-block>
        <event-block sid="1457096213447438">
            <conditions>
                <condition id="0" name="On collision with another object" sid="3315645497595059" type="Laser">
                    <param id="0" name="Object">Mirror6</param>
                </condition>
            </conditions>
            <actions>
                <action behavior="Bullet" id="4" name="Bounce off object" sid="7466694609794852" type="Laser">
                    <param id="0" name="Object">Mirror6</param>
                </action>
            </actions>
        </event-block>
        <event-block sid="3774861318867378">
            <conditions>
                <condition id="0" name="On collision with another object" sid="9708756834072921" type="Laser">
                    <param id="0" name="Object">Mirror7</param>
                </condition>
            </conditions>
            <actions>
                <action behavior="Bullet" id="4" name="Bounce off object" sid="9870683456383119" type="Laser">
                    <param id="0" name="Object">Mirror7</param>
                </action>
            </actions>
        </event-block>
        <event-block sid="8454820978752589">
            <conditions>
                <condition id="0" name="On collision with another object" sid="3827972974851503" type="Laser">
                    <param id="0" name="Object">Mirror8</param>
                </condition>
            </conditions>
            <actions>
                <action behavior="Bullet" id="4" name="Bounce off object" sid="5769377763053941" type="Laser">
                    <param id="0" name="Object">Mirror8</param>
                </action>
            </actions>
        </event-block>
        <event-block sid="7445765516794077">
            <conditions>
                <condition id="0" name="On collision with another object" sid="4702772471232355" type="Laser">
                    <param id="0" name="Object">Mirror9</param>
                </condition>
            </conditions>
            <actions>
                <action behavior="Bullet" id="4" name="Bounce off object" sid="5467145721992069" type="Laser">
                    <param id="0" name="Object">Mirror9</param>
                </action>
            </actions>
        </event-block>
        <event-block sid="8334772628148005">
            <conditions>
                <condition id="0" name="On collision with another object" sid="1452079966937524" type="Laser">
                    <param id="0" name="Object">Mirror10</param>
                </condition>
            </conditions>
            <actions>
                <action behavior="Bullet" id="4" name="Bounce off object" sid="3027964426505744" type="Laser">
                    <param id="0" name="Object">Mirror10</param>
                </action>
            </actions>
        </event-block>
        <event-block sid="8906773473016323">
            <conditions>
                <condition id="0" name="On collision with another object" sid="7911309473577371" type="Laser">
                    <param id="0" name="Object">Mirror11</param>
                </condition>
            </conditions>
            <actions>
                <action behavior="Bullet" id="4" name="Bounce off object" sid="2554141292084998" type="Laser">
                    <param id="0" name="Object">Mirror11</param>
                </action>
            </actions>
        </event-block>
        <event-block sid="8690873148998763">
            <conditions>
                <condition id="0" name="On collision with another object" sid="8352866722801418" type="Laser">
                    <param id="0" name="Object">Mirror12</param>
                </condition>
            </conditions>
            <actions>
                <action behavior="Bullet" id="4" name="Bounce off object" sid="1748629372462367" type="Laser">
                    <param id="0" name="Object">Mirror12</param>
                </action>
            </actions>
        </event-block>
        <event-block sid="5994036139260847">
            <conditions>
                <condition id="0" name="On collision with another object" sid="9394363243536516" type="Laser">
                    <param id="0" name="Object">MirrorCube</param>
                </condition>
            </conditions>
            <actions>
                <action behavior="Bullet" id="4" name="Bounce off object" sid="2193310601030241" type="Laser">
                    <param id="0" name="Object">MirrorCube</param>
                </action>
            </actions>
        </event-block>
        <event-block sid="9270640534729457">
            <conditions>
                <condition id="1" name="Is overlapping another object" sid="4484854223333027" type="CavePlayer">
                    <param id="0" name="Object">Mirror</param>
                </condition>
            </conditions>
            <actions />
            <sub-events>
                <event-block sid="3773728280206363">
                    <conditions>
                        <condition id="0" name="On key pressed" sid="9641423814012293" type="Keyboard">
                            <param id="0" name="Key">65 (A)</param>
                        </condition>
                    </conditions>
                    <actions>
                        <action id="-19" name="Rotate counter-clockwise" sid="2539052204149495" type="Mirror">
                            <param id="0" name="Degrees">15</param>
                        </action>
                    </actions>
                </event-block>
                <event-block sid="5880180908624839">
                    <conditions>
                        <condition id="0" name="On key pressed" sid="8509712248587297" type="Keyboard">
                            <param id="0" name="Key">68 (D)</param>
                        </condition>
                    </conditions>
                    <actions>
                        <action id="-18" name="Rotate clockwise" sid="1320118425633799" type="Mirror">
                            <param id="0" name="Degrees">15</param>
                        </action>
                    </actions>
                </event-block>
            </sub-events>
        </event-block>
        <event-block sid="2094818622460525">
            <conditions>
                <condition id="1" name="Is overlapping another object" sid="8046792080678461" type="CavePlayer">
                    <param id="0" name="Object">Mirror2</param>
                </condition>
            </conditions>
            <actions />
            <sub-events>
                <event-block sid="6602593896681741">
                    <conditions>
                        <condition id="0" name="On key pressed" sid="4941630160367919" type="Keyboard">
                            <param id="0" name="Key">65 (A)</param>
                        </condition>
                    </conditions>
                    <actions>
                        <action id="-19" name="Rotate counter-clockwise" sid="4364233783593696" type="Mirror2">
                            <param id="0" name="Degrees">15</param>
                        </action>
                    </actions>
                </event-block>
                <event-block sid="2948950647872081">
                    <conditions>
                        <condition id="0" name="On key pressed" sid="7486829630483275" type="Keyboard">
                            <param id="0" name="Key">68 (D)</param>
                        </condition>
                    </conditions>
                    <actions>
                        <action id="-18" name="Rotate clockwise" sid="2918748557203073" type="Mirror2">
                            <param id="0" name="Degrees">15</param>
                        </action>
                    </actions>
                </event-block>
            </sub-events>
        </event-block>
        <event-block sid="4910363114140063">
            <conditions>
                <condition id="1" name="Is overlapping another object" sid="9341174078712595" type="CavePlayer">
                    <param id="0" name="Object">Mirror3</param>
                </condition>
            </conditions>
            <actions />
            <sub-events>
                <event-block sid="1474683014555493">
                    <conditions>
                        <condition id="0" name="On key pressed" sid="3436208837664488" type="Keyboard">
                            <param id="0" name="Key">65 (A)</param>
                        </condition>
                    </conditions>
                    <actions>
                        <action id="-19" name="Rotate counter-clockwise" sid="6120130740351259" type="Mirror3">
                            <param id="0" name="Degrees">15</param>
                        </action>
                    </actions>
                </event-block>
                <event-block sid="5199491225286286">
                    <conditions>
                        <condition id="0" name="On key pressed" sid="4317382791298623" type="Keyboard">
                            <param id="0" name="Key">68 (D)</param>
                        </condition>
                    </conditions>
                    <actions>
                        <action id="-18" name="Rotate clockwise" sid="2553619450507678" type="Mirror3">
                            <param id="0" name="Degrees">15</param>
                        </action>
                    </actions>
                </event-block>
            </sub-events>
        </event-block>
        <event-block sid="1723438085486635">
            <conditions>
                <condition id="1" name="Is overlapping another object" sid="6610346979606522" type="CavePlayer">
                    <param id="0" name="Object">Mirror4</param>
                </condition>
            </conditions>
            <actions />
            <sub-events>
                <event-block sid="4663337029554311">
                    <conditions>
                        <condition id="0" name="On key pressed" sid="6838749303184351" type="Keyboard">
                            <param id="0" name="Key">65 (A)</param>
                        </condition>
                    </conditions>
                    <actions>
                        <action id="-19" name="Rotate counter-clockwise" sid="5380362885910474" type="Mirror4">
                            <param id="0" name="Degrees">15</param>
                        </action>
                    </actions>
                </event-block>
                <event-block sid="7123349614075453">
                    <conditions>
                        <condition id="0" name="On key pressed" sid="1017751764657024" type="Keyboard">
                            <param id="0" name="Key">68 (D)</param>
                        </condition>
                    </conditions>
                    <actions>
                        <action id="-18" name="Rotate clockwise" sid="9195786640907582" type="Mirror4">
                            <param id="0" name="Degrees">15</param>
                        </action>
                    </actions>
                </event-block>
            </sub-events>
        </event-block>
        <event-block sid="662817639064113">
            <conditions>
                <condition id="1" name="Is overlapping another object" sid="4837806874539643" type="CavePlayer">
                    <param id="0" name="Object">Mirror5</param>
                </condition>
            </conditions>
            <actions />
            <sub-events>
                <event-block sid="3075957338854449">
                    <conditions>
                        <condition id="0" name="On key pressed" sid="5027562057377355" type="Keyboard">
                            <param id="0" name="Key">65 (A)</param>
                        </condition>
                    </conditions>
                    <actions>
                        <action id="-19" name="Rotate counter-clockwise" sid="2674982920525552" type="Mirror5">
                            <param id="0" name="Degrees">15</param>
                        </action>
                    </actions>
                </event-block>
                <event-block sid="2369169483623723">
                    <conditions>
                        <condition id="0" name="On key pressed" sid="915988901448532" type="Keyboard">
                            <param id="0" name="Key">68 (D)</param>
                        </condition>
                    </conditions>
                    <actions>
                        <action id="-18" name="Rotate clockwise" sid="3222495530135418" type="Mirror5">
                            <param id="0" name="Degrees">15</param>
                        </action>
                    </actions>
                </event-block>
            </sub-events>
        </event-block>
        <event-block sid="2364943049808339">
            <conditions>
                <condition id="1" name="Is overlapping another object" sid="6915687651632836" type="CavePlayer">
                    <param id="0" name="Object">Mirror6</param>
                </condition>
            </conditions>
            <actions />
            <sub-events>
                <event-block sid="7541612505855591">
                    <conditions>
                        <condition id="0" name="On key pressed" sid="8473063372355665" type="Keyboard">
                            <param id="0" name="Key">65 (A)</param>
                        </condition>
                    </conditions>
                    <actions>
                        <action id="-19" name="Rotate counter-clockwise" sid="3487477444556924" type="Mirror6">
                            <param id="0" name="Degrees">15</param>
                        </action>
                    </actions>
                </event-block>
                <event-block sid="85685600607667">
                    <conditions>
                        <condition id="0" name="On key pressed" sid="8413387272044421" type="Keyboard">
                            <param id="0" name="Key">68 (D)</param>
                        </condition>
                    </conditions>
                    <actions>
                        <action id="-18" name="Rotate clockwise" sid="7232141204368368" type="Mirror6">
                            <param id="0" name="Degrees">15</param>
                        </action>
                    </actions>
                </event-block>
            </sub-events>
        </event-block>
        <event-block sid="5333404297318164">
            <conditions>
                <condition id="1" name="Is overlapping another object" sid="498627608403929" type="CavePlayer">
                    <param id="0" name="Object">Mirror7</param>
                </condition>
            </conditions>
            <actions />
            <sub-events>
                <event-block sid="8688422389396736">
                    <conditions>
                        <condition id="0" name="On key pressed" sid="9277421781903364" type="Keyboard">
                            <param id="0" name="Key">65 (A)</param>
                        </condition>
                    </conditions>
                    <actions>
                        <action id="-19" name="Rotate counter-clockwise" sid="3802490337772514" type="Mirror7">
                            <param id="0" name="Degrees">15</param>
                        </action>
                    </actions>
                </event-block>
                <event-block sid="6399742630265862">
                    <conditions>
                        <condition id="0" name="On key pressed" sid="7153222351996684" type="Keyboard">
                            <param id="0" name="Key">68 (D)</param>
                        </condition>
                    </conditions>
                    <actions>
                        <action id="-18" name="Rotate clockwise" sid="3269494216494135" type="Mirror7">
                            <param id="0" name="Degrees">15</param>
                        </action>
                    </actions>
                </event-block>
            </sub-events>
        </event-block>
        <event-block sid="5662118514999695">
            <conditions>
                <condition id="1" name="Is overlapping another object" sid="7518355919853756" type="CavePlayer">
                    <param id="0" name="Object">Mirror8</param>
                </condition>
            </conditions>
            <actions />
            <sub-events>
                <event-block sid="8729528434251954">
                    <conditions>
                        <condition id="0" name="On key pressed" sid="2391313605070868" type="Keyboard">
                            <param id="0" name="Key">65 (A)</param>
                        </condition>
                    </conditions>
                    <actions>
                        <action id="-19" name="Rotate counter-clockwise" sid="2521820910096869" type="Mirror8">
                            <param id="0" name="Degrees">15</param>
                        </action>
                    </actions>
                </event-block>
                <event-block sid="4384413945660174">
                    <conditions>
                        <condition id="0" name="On key pressed" sid="220957728784435" type="Keyboard">
                            <param id="0" name="Key">68 (D)</param>
                        </condition>
                    </conditions>
                    <actions>
                        <action id="-18" name="Rotate clockwise" sid="9115343921843423" type="Mirror8">
                            <param id="0" name="Degrees">15</param>
                        </action>
                    </actions>
                </event-block>
            </sub-events>
        </event-block>
        <event-block sid="2614413783337808">
            <conditions>
                <condition id="1" name="Is overlapping another object" sid="2427373433321396" type="CavePlayer">
                    <param id="0" name="Object">Mirror9</param>
                </condition>
            </conditions>
            <actions />
            <sub-events>
                <event-block sid="8143964321872744">
                    <conditions>
                        <condition id="0" name="On key pressed" sid="4691179758383876" type="Keyboard">
                            <param id="0" name="Key">65 (A)</param>
                        </condition>
                    </conditions>
                    <actions>
                        <action id="-19" name="Rotate counter-clockwise" sid="9266979849235816" type="Mirror9">
                            <param id="0" name="Degrees">15</param>
                        </action>
                    </actions>
                </event-block>
                <event-block sid="8039979240287939">
                    <conditions>
                        <condition id="0" name="On key pressed" sid="4025362298958854" type="Keyboard">
                            <param id="0" name="Key">68 (D)</param>
                        </condition>
                    </conditions>
                    <actions>
                        <action id="-18" name="Rotate clockwise" sid="5873258415611715" type="Mirror9">
                            <param id="0" name="Degrees">15</param>
                        </action>
                    </actions>
                </event-block>
            </sub-events>
        </event-block>
        <event-block sid="4477266727243588">
            <conditions>
                <condition id="1" name="Is overlapping another object" sid="4712560474082541" type="CavePlayer">
                    <param id="0" name="Object">Mirror10</param>
                </condition>
            </conditions>
            <actions />
            <sub-events>
                <event-block sid="6737393260214208">
                    <conditions>
                        <condition id="0" name="On key pressed" sid="4290485283704692" type="Keyboard">
                            <param id="0" name="Key">65 (A)</param>
                        </condition>
                    </conditions>
                    <actions>
                        <action id="-19" name="Rotate counter-clockwise" sid="5254784281464551" type="Mirror10">
                            <param id="0" name="Degrees">15</param>
                        </action>
                    </actions>
                </event-block>
                <event-block sid="6131838703082428">
                    <conditions>
                        <condition id="0" name="On key pressed" sid="5842210229792824" type="Keyboard">
                            <param id="0" name="Key">68 (D)</param>
                        </condition>
                    </conditions>
                    <actions>
                        <action id="-18" name="Rotate clockwise" sid="1484267628560994" type="Mirror10">
                            <param id="0" name="Degrees">15</param>
                        </action>
                    </actions>
                </event-block>
            </sub-events>
        </event-block>
        <event-block sid="3002684910037957">
            <conditions>
                <condition id="1" name="Is overlapping another object" sid="8727073511499385" type="CavePlayer">
                    <param id="0" name="Object">Mirror11</param>
                </condition>
            </conditions>
            <actions />
            <sub-events>
                <event-block sid="2710317227948914">
                    <conditions>
                        <condition id="0" name="On key pressed" sid="4130077055062683" type="Keyboard">
                            <param id="0" name="Key">65 (A)</param>
                        </condition>
                    </conditions>
                    <actions>
                        <action id="-19" name="Rotate counter-clockwise" sid="5251462476061378" type="Mirror11">
                            <param id="0" name="Degrees">15</param>
                        </action>
                    </actions>
                </event-block>
                <event-block sid="271737040277033">
                    <conditions>
                        <condition id="0" name="On key pressed" sid="8295989680995003" type="Keyboard">
                            <param id="0" name="Key">68 (D)</param>
                        </condition>
                    </conditions>
                    <actions>
                        <action id="-18" name="Rotate clockwise" sid="8226734498861039" type="Mirror11">
                            <param id="0" name="Degrees">15</param>
                        </action>
                    </actions>
                </event-block>
            </sub-events>
        </event-block>
        <event-block sid="834182650460429">
            <conditions>
                <condition id="1" name="Is overlapping another object" sid="8620824842610856" type="CavePlayer">
                    <param id="0" name="Object">Mirror12</param>
                </condition>
            </conditions>
            <actions />
            <sub-events>
                <event-block sid="7978673009056784">
                    <conditions>
                        <condition id="0" name="On key pressed" sid="9792064291443674" type="Keyboard">
                            <param id="0" name="Key">65 (A)</param>
                        </condition>
                    </conditions>
                    <actions>
                        <action id="-19" name="Rotate counter-clockwise" sid="8841017887734176" type="Mirror12">
                            <param id="0" name="Degrees">15</param>
                        </action>
                    </actions>
                </event-block>
                <event-block sid="1254708570529915">
                    <conditions>
                        <condition id="0" name="On key pressed" sid="2977281223081531" type="Keyboard">
                            <param id="0" name="Key">68 (D)</param>
                        </condition>
                    </conditions>
                    <actions>
                        <action id="-18" name="Rotate clockwise" sid="227355227302649" type="Mirror12">
                            <param id="0" name="Degrees">15</param>
                        </action>
                    </actions>
                </event-block>
            </sub-events>
        </event-block>
        <event-block sid="6307945185976539">
            <conditions>
                <condition id="1" name="Is overlapping another object" sid="6018957710999637" type="CavePlayer">
                    <param id="0" name="Object">CubeBase</param>
                </condition>
            </conditions>
            <actions />
            <sub-events>
                <event-block sid="4141460516773002">
                    <conditions>
                        <condition id="2" name="Key is down" sid="6981335824170969" type="Keyboard">
                            <param id="0" name="Key">83 (S)</param>
                        </condition>
                    </conditions>
                    <actions>
                        <action id="-3" name="Set position" sid="4070069534876576" type="CubeBase">
                            <param id="0" name="X">CavePlayer.X</param>
                            <param id="1" name="Y">CavePlayer.Y+15</param>
                        </action>
                    </actions>
                </event-block>
            </sub-events>
        </event-block>
        <event-block sid="1507603047029327">
            <conditions>
                <condition id="1" name="Is overlapping another object" sid="2934780040037918" type="CavePlayer">
                    <param id="0" name="Object">MirrorCube</param>
                </condition>
            </conditions>
            <actions />
            <sub-events>
                <event-block sid="707687905697803">
                    <conditions>
                        <condition id="0" name="On key pressed" sid="9514129510028242" type="Keyboard">
                            <param id="0" name="Key">65 (A)</param>
                        </condition>
                    </conditions>
                    <actions>
                        <action id="-19" name="Rotate counter-clockwise" sid="1416813624165493" type="MirrorCube">
                            <param id="0" name="Degrees">45</param>
                        </action>
                    </actions>
                </event-block>
                <event-block sid="2404871521982647">
                    <conditions>
                        <condition id="0" name="On key pressed" sid="7490337102531688" type="Keyboard">
                            <param id="0" name="Key">68 (D)</param>
                        </condition>
                    </conditions>
                    <actions>
                        <action id="-18" name="Rotate clockwise" sid="7034653110921208" type="MirrorCube">
                            <param id="0" name="Degrees">45</param>
                        </action>
                    </actions>
                </event-block>
            </sub-events>
        </event-block>
        <event-block sid="2650592660257142">
            <conditions>
                <condition id="-1" name="Every tick" sid="9988984315040847" type="System" />
            </conditions>
            <actions>
                <action id="-25" name="Move to bottom" sid="763563000701448" type="CaveBackground" />
            </actions>
        </event-block>
        <event-block sid="3469045397213753">
            <conditions>
                <condition id="-1" name="Every tick" sid="8573048964277705" type="System" />
            </conditions>
            <actions>
                <action id="-3" name="Set position" sid="1603385357098007" type="MirrorCube">
                    <param id="0" name="X">CubeBase.X</param>
                    <param id="1" name="Y">CubeBase.Y-34</param>
                </action>
            </actions>
        </event-block>
    </events>
</c2eventsheet>
